"Customer.ID","Recency","Frequency","Monetary","R_Score","F_Score","M_Score","RFM_Score","Segment","CLV","CLV_Level"
12346,165.255555555556,11,372.86,1,5,2,152,"At Risk",4101.46,"Medium"
12347,3.21111111111111,2,1323.32,4,2,4,424,"Potential Loyalists",2646.64,"Medium"
12348,74.2097222222222,1,222.16,1,1,1,111,"Others",222.16,"Low"
12349,43.4847222222222,3,2671.14,2,3,5,235,"At Risk",8013.42,"High"
12351,11.1930555555556,1,300.93,4,1,2,412,"Potential Loyalists",300.93,"Low"
12352,11.4125,2,343.8,4,2,2,422,"Potential Loyalists",687.6,"Low"
12353,44.3034722222222,1,317.76,2,1,2,212,"Others",317.76,"Low"
12355,203.334722222222,1,488.21,0,1,2,12,"Others",488.21,"Low"
12356,16.3173611111111,3,3560.3,3,3,5,335,"Loyal Customers",10680.9,"High"
12357,24.2305555555556,2,12079.99,3,2,5,325,"Others",24159.98,"High"
12358,11.3784722222222,3,2719.01,4,3,5,435,"Loyal Customers",8157.03,"High"
12359,61.3645833333333,6,2563.36,2,4,5,245,"At Risk",15380.16,"High"
12360,15.3729166666667,5,1590.83,3,4,4,344,"Loyal Customers",7954.15,"High"
12361,98.1958333333333,3,321.35,1,3,2,132,"At Risk",964.05,"Medium"
12362,374.410416666667,1,130,0,1,1,11,"Others",130,"Low"
12366,269.397916666667,1,500.24,0,1,3,13,"Others",500.24,"Low"
12368,264.170138888889,1,917.7,0,1,3,13,"Others",917.7,"Low"
12369,49.2833333333333,3,1791.15,2,3,4,234,"At Risk",5373.45,"Medium"
12370,260.327083333333,3,774.62,0,3,3,33,"At Risk",2323.86,"Medium"
12371,45.2666666666667,3,2179.42,2,3,5,235,"At Risk",6538.26,"High"
12373,260.258333333333,2,763.05,0,2,3,23,"Others",1526.1,"Medium"
12374,57.2708333333333,3,2246.29,2,3,5,235,"At Risk",6738.87,"High"
12376,25.3236111111111,2,503.15,3,2,3,323,"Others",1006.3,"Medium"
12377,17.0256944444444,2,1798.2,3,2,4,324,"Others",3596.4,"Medium"
12378,198.245833333333,1,1407.7,0,1,4,14,"Others",1407.7,"Medium"
12379,58.21875,2,767.98,2,2,3,223,"Others",1535.96,"Medium"
12380,101.213194444444,7,6951.49,1,5,5,155,"At Risk",48660.43,"Very High"
12385,15.1993055555556,1,1938.4,4,1,4,414,"Potential Loyalists",1938.4,"Medium"
12386,2.42222222222222,1,258.9,4,1,2,412,"Potential Loyalists",258.9,"Low"
12387,51.1486111111111,1,143.94,2,1,1,211,"Others",143.94,"Low"
12388,81.3055555555556,2,1120.45,1,2,4,124,"Others",2240.9,"Medium"
12389,38.3395833333333,3,1433.33,2,3,4,234,"At Risk",4299.99,"Medium"
12391,100.307638888889,5,2285.18,1,4,5,145,"At Risk",11425.9,"High"
12392,227.247916666667,1,234.75,0,1,1,11,"Others",234.75,"Low"
12393,18.1604166666667,2,816.85,3,2,3,323,"Others",1633.7,"Medium"
12395,7.14305555555556,4,2048.64,4,4,4,444,"Champions",8194.56,"High"
12396,310.277083333333,1,931.43,0,1,3,13,"Others",931.43,"Low"
12399,21.4638888888889,3,853.65,3,3,3,333,"Loyal Customers",2560.95,"Medium"
12400,50.2611111111111,1,205.25,2,1,1,211,"Others",205.25,"Low"
12402,28.4243055555556,5,1031.3,3,4,4,344,"Loyal Customers",5156.5,"Medium"
12403,157.348611111111,1,591.66,1,1,3,113,"Others",591.66,"Low"
12404,318.15,1,63.24,0,1,1,11,"Others",63.24,"Low"
12406,35.3465277777778,3,2975.06,3,3,5,335,"Loyal Customers",8925.18,"High"
12408,21.2777777777778,3,1452.22,3,3,4,334,"Loyal Customers",4356.66,"Medium"
12409,56.4006944444444,4,12346.62,2,4,5,245,"At Risk",49386.48,"Very High"
12410,138.274305555556,1,320.38,1,1,2,112,"Others",320.38,"Low"
12411,45.4416666666667,1,346.9,2,1,2,212,"Others",346.9,"Low"
12412,38.1243055555556,3,1370.05,2,3,4,234,"At Risk",4110.15,"Medium"
12413,38.2743055555556,1,241.35,2,1,1,211,"Others",241.35,"Low"
12414,99.2597222222222,3,390,1,3,2,132,"At Risk",1170,"Medium"
12415,11.2041666666667,7,19543.84,4,5,5,455,"Champions",136806.88,"Very High"
12416,292.404166666667,1,202.56,0,1,1,11,"Others",202.56,"Low"
12417,46.2319444444444,11,3148.31,2,5,5,255,"At Risk",34631.41,"Very High"
12418,49.3972222222222,3,1352.62,2,3,4,234,"At Risk",4057.86,"Medium"
12419,21.4145833333333,2,503.01,3,2,3,323,"Others",1006.02,"Medium"
12421,51.23125,2,291.56,2,2,2,222,"Others",583.12,"Low"
12422,30.2791666666667,14,4428.24,3,5,5,355,"Loyal Customers",61995.36,"Very High"
12423,23.3527777777778,2,763.08,3,2,3,323,"Others",1526.16,"Medium"
12424,58.3972222222222,2,1579.07,2,2,4,224,"Others",3158.14,"Medium"
12425,84.24375,1,964.21,1,1,3,113,"Others",964.21,"Medium"
12426,298.472222222222,1,762.48,0,1,3,13,"Others",762.48,"Low"
12427,7.38680555555556,1,303.5,4,1,2,412,"Potential Loyalists",303.5,"Low"
12429,1.33055555555556,5,3735.51,4,4,5,445,"Champions",18677.55,"High"
12431,9.41527777777778,13,4370.52,4,5,5,455,"Champions",56816.76,"Very High"
12433,2.13333333333333,5,7205.39,4,4,5,445,"Champions",36026.95,"Very High"
12434,17.2659722222222,1,297.29,3,1,2,312,"Others",297.29,"Low"
12435,32.4125,4,6096.04,3,4,5,345,"Loyal Customers",24384.16,"High"
12437,31.21875,21,7731.99,3,5,5,355,"Loyal Customers",162371.79,"Very High"
12439,318.326388888889,2,1142.88,0,2,4,24,"Others",2285.76,"Medium"
12440,98.2847222222222,2,859.2,1,2,3,123,"Others",1718.4,"Medium"
12441,2.38611111111111,1,173.55,4,1,1,411,"Potential Loyalists",173.55,"Low"
12443,368.179861111111,1,485.31,0,1,2,12,"Others",485.31,"Low"
12445,56.3145833333333,1,301.58,2,1,2,212,"Others",301.58,"Low"
12449,46.3194444444444,2,768.6,2,2,3,223,"Others",1537.2,"Medium"
12450,35.1486111111111,3,490.32,3,3,2,332,"Loyal Customers",1470.96,"Medium"
12451,99.1826388888889,3,3634.36,1,3,5,135,"At Risk",10903.08,"High"
12454,31.4111111111111,4,13151.44,3,4,5,345,"Loyal Customers",52605.76,"Very High"
12455,81.2236111111111,4,3413.09,1,4,5,145,"At Risk",13652.36,"High"
12457,71.0847222222222,1,632.68,2,1,3,213,"Others",632.68,"Low"
12458,63.3506944444444,2,830.09,2,2,3,223,"Others",1660.18,"Medium"
12459,241.213888888889,1,454.36,0,1,2,12,"Others",454.36,"Low"
12460,92.2569444444444,1,326.65,1,1,2,112,"Others",326.65,"Low"
12466,318.149305555556,1,56.73,0,1,1,11,"Others",56.73,"Low"
12467,59.1805555555556,1,132.8,2,1,1,211,"Others",132.8,"Low"
12468,162.397916666667,3,2941.2,1,3,5,135,"At Risk",8823.6,"High"
12469,158.30625,2,3070.54,1,2,5,125,"Others",6141.08,"High"
12470,325.375,1,211.95,0,1,1,11,"Others",211.95,"Low"
12471,10.2263888888889,49,20129.54,4,5,5,455,"Champions",986347.46,"Very High"
12472,5.2375,13,11308.48,4,5,5,455,"Champions",147010.24,"Very High"
12474,14.3208333333333,13,5048.66,4,5,5,455,"Champions",65632.58,"Very High"
12475,45.4666666666667,1,426.26,2,1,2,212,"Others",426.26,"Low"
12476,32.4347222222222,12,7267.49,3,5,5,355,"Loyal Customers",87209.88,"Very High"
12477,35.4347222222222,3,7056.63,3,3,5,335,"Loyal Customers",21169.89,"High"
12480,35.2034722222222,3,2183.22,3,3,5,335,"Loyal Customers",6549.66,"High"
12481,1.40833333333333,6,6765.07,4,4,5,445,"Champions",40590.42,"Very High"
12482,212.131944444444,29,23691.4,0,5,5,55,"At Risk",687050.6,"Very High"
12483,14.3097222222222,11,2612.2,4,5,5,455,"Champions",28734.2,"High"
12484,119.261111111111,6,1826.78,1,4,4,144,"At Risk",10960.68,"High"
12485,165.19375,1,708.1,1,1,3,113,"Others",708.1,"Low"
12486,67.3243055555556,1,1037.28,2,1,4,214,"Others",1037.28,"Medium"
12487,366.350694444444,1,285.3,0,1,2,12,"Others",285.3,"Low"
12490,14.2395833333333,11,4405.71,4,5,5,455,"Champions",48462.81,"Very High"
12492,39.2104166666667,1,452,2,1,2,212,"Others",452,"Low"
12494,1.35416666666667,3,626.77,4,3,3,433,"Loyal Customers",1880.31,"Medium"
12495,276.380555555556,1,357.4,0,1,2,12,"Others",357.4,"Low"
12496,256.246527777778,2,45.34,0,2,1,21,"Others",90.68,"Low"
12497,36.3125,2,5205.4,2,2,5,225,"Others",10410.8,"High"
12499,196.200694444444,1,393.72,0,1,2,12,"Others",393.72,"Low"
12500,71.0527777777778,8,1697.39,2,5,4,254,"At Risk",13579.12,"High"
12503,220.251388888889,1,1126,0,1,4,14,"Others",1126,"Medium"
12504,53.2027777777778,2,297,2,2,2,222,"Others",594,"Low"
12505,44.4465277777778,1,955.2,2,1,3,213,"Others",955.2,"Low"
12507,220.443055555556,1,539.25,0,1,3,13,"Others",539.25,"Low"
12510,95.2319444444445,7,4195.45,1,5,5,155,"At Risk",29368.15,"High"
12511,64.3902777777778,1,3084.02,2,1,5,215,"Others",3084.02,"Medium"
12514,277.321527777778,1,580.08,0,1,3,13,"Others",580.08,"Low"
12516,66.4291666666667,2,1336.56,2,2,4,224,"Others",2673.12,"Medium"
12519,112.486111111111,1,385.7,1,1,2,112,"Others",385.7,"Low"
12523,10.3125,12,2562.58,4,5,5,455,"Champions",30750.96,"Very High"
12524,24.4534722222222,9,6640.39,3,5,5,355,"Loyal Customers",59763.51,"Very High"
12525,134.161805555556,3,973.73,1,3,3,133,"At Risk",2921.19,"Medium"
12527,130.318055555556,2,386.8,1,2,2,122,"Others",773.6,"Low"
12529,164.285416666667,1,316.48,1,1,2,112,"Others",316.48,"Low"
12530,51.1986111111111,5,2096.98,2,4,4,244,"At Risk",10484.9,"High"
12531,322.238888888889,1,1807.98,0,1,4,14,"Others",1807.98,"Medium"
12533,263.378472222222,2,1367.89,0,2,4,24,"Others",2735.78,"Medium"
12537,44.4756944444444,1,732.94,2,1,3,213,"Others",732.94,"Low"
12538,14.2909722222222,1,276.5,4,1,2,412,"Potential Loyalists",276.5,"Low"
12539,86.4243055555555,3,5646.4,1,3,5,135,"At Risk",16939.2,"High"
12540,14.3875,16,8854.25,4,5,5,455,"Champions",141668,"Very High"
12542,120.034027777778,2,481.88,1,2,2,122,"Others",963.76,"Medium"
12543,84.1736111111111,1,980.25,1,1,3,113,"Others",980.25,"Medium"
12547,136.254166666667,1,175.78,1,1,1,111,"Others",175.78,"Low"
12549,211.330555555556,6,1575.68,0,4,4,44,"At Risk",9454.08,"High"
12553,21.3215277777778,2,916.47,3,2,3,323,"Others",1832.94,"Medium"
12554,84.3138888888889,1,468.5,1,1,2,112,"Others",468.5,"Low"
12555,318.149305555556,1,129.23,0,1,1,11,"Others",129.23,"Low"
12557,7.32013888888889,4,6725.18,4,4,5,445,"Champions",26900.72,"High"
12562,21.4347222222222,2,1185.18,3,2,4,324,"Others",2370.36,"Medium"
12563,44.4229166666667,1,249.24,2,1,1,211,"Others",249.24,"Low"
12567,3.39236111111111,7,4308.58,4,5,5,455,"Champions",30160.06,"High"
12568,280.448611111111,1,70,0,1,1,11,"Others",70,"Low"
12570,318.10625,1,77.52,0,1,1,11,"Others",77.52,"Low"
12573,17.2916666666667,4,556.87,3,4,3,343,"Loyal Customers",2227.48,"Medium"
12575,93.2861111111111,2,622.82,1,2,3,123,"Others",1245.64,"Medium"
12576,28.3034722222222,3,826.89,3,3,3,333,"Loyal Customers",2480.67,"Medium"
12577,17.2465277777778,5,990.5,3,4,4,344,"Loyal Customers",4952.5,"Medium"
12578,21.1111111111111,2,1847.94,3,2,4,324,"Others",3695.88,"Medium"
12580,212.344444444444,1,637.2,0,1,3,13,"Others",637.2,"Low"
12582,58.38125,2,1469.04,2,2,4,224,"Others",2938.08,"Medium"
12583,9.46944444444444,13,7166.06,4,5,5,455,"Champions",93158.78,"Very High"
12586,10.3847222222222,3,1865.73,4,3,4,434,"Loyal Customers",5597.19,"High"
12588,35.2972222222222,3,743.88,3,3,3,333,"Loyal Customers",2231.64,"Medium"
12589,57.3381944444444,6,4048.98,2,4,5,245,"At Risk",24293.88,"High"
12591,26.2284722222222,2,886.1,3,2,3,323,"Others",1772.2,"Medium"
12592,155.232638888889,3,2145.06,1,3,5,135,"At Risk",6435.18,"High"
12594,14.3222222222222,5,1751.89,4,4,4,444,"Champions",8759.45,"High"
12595,140.452083333333,1,299.02,1,1,2,112,"Others",299.02,"Low"
12598,99.2354166666667,3,1511.01,1,3,4,134,"At Risk",4533.03,"Medium"
12599,17.175,6,1264.14,3,4,4,344,"Loyal Customers",7584.84,"High"
12600,7.29444444444444,12,2444.88,4,5,5,455,"Champions",29338.56,"High"
12601,40.3777777777778,1,104.2,2,1,1,211,"Others",104.2,"Low"
12605,12.2381944444444,4,1232.95,4,4,4,444,"Champions",4931.8,"Medium"
12606,318.151388888889,1,21,0,1,1,11,"Others",21,"Low"
12608,40.3833333333333,1,415.79,2,1,2,212,"Others",415.79,"Low"
12609,10.2173611111111,6,2309.01,4,4,5,445,"Champions",13854.06,"High"
12613,24.1138888888889,5,3472.99,3,4,5,345,"Loyal Customers",17364.95,"High"
12615,49.4277777777778,4,3449.79,2,4,5,245,"At Risk",13799.16,"High"
12616,24.3493055555556,1,417.8,3,1,2,312,"Others",417.8,"Low"
12619,196.297916666667,1,140.14,0,1,1,11,"Others",140.14,"Low"
12621,1.40625,16,11086.14,4,5,5,455,"Champions",177378.24,"Very High"
12623,52.4347222222222,6,3442.74,2,4,5,245,"At Risk",20656.44,"High"
12625,145.170138888889,2,2481.06,1,2,5,125,"Others",4962.12,"Medium"
12629,21.4465277777778,2,1558.22,3,2,4,324,"Others",3116.44,"Medium"
12631,92.2159722222222,5,2841.07,1,4,5,145,"At Risk",14205.35,"High"
12632,156.431944444444,2,804.88,1,2,3,123,"Others",1609.76,"Medium"
12633,18.2861111111111,3,3514.18,3,3,5,335,"Loyal Customers",10542.54,"High"
12634,171.413888888889,2,490,1,2,2,122,"Others",980,"Medium"
12635,28.1770833333333,2,1241.23,3,2,4,324,"Others",2482.46,"Medium"
12636,374.420833333333,1,141,0,1,1,11,"Others",141,"Low"
12637,14.2576388888889,4,2280.91,4,4,5,445,"Champions",9123.64,"High"
12638,275.396527777778,1,249.8,0,1,1,11,"Others",249.8,"Low"
12639,70.3222222222222,2,826.27,2,2,3,223,"Others",1652.54,"Medium"
12643,21.3048611111111,6,4960.18,3,4,5,345,"Loyal Customers",29761.08,"High"
12644,66.4013888888889,3,1440.58,2,3,4,234,"At Risk",4321.74,"Medium"
12645,45.0534722222222,4,1764.12,2,4,4,244,"At Risk",7056.48,"High"
12647,3.31458333333333,27,14201.53,4,5,5,455,"Champions",383441.31,"Very High"
12648,73.3930555555555,3,793.95,1,3,3,133,"At Risk",2381.85,"Medium"
12649,18.2944444444444,5,1671.14,3,4,4,344,"Loyal Customers",8355.7,"High"
12651,14.3354166666667,3,263.75,4,3,2,432,"Loyal Customers",791.25,"Low"
12652,70.1979166666667,1,97.05,2,1,1,211,"Others",97.05,"Low"
12653,162.420138888889,1,1950.98,1,1,4,114,"Others",1950.98,"Medium"
12655,59.4472222222222,1,261.35,2,1,2,212,"Others",261.35,"Low"
12656,61.3875,3,2356.66,2,3,5,235,"At Risk",7069.98,"High"
12661,72.1354166666667,1,162,1,1,1,111,"Others",162,"Low"
12662,9.28958333333333,10,3138.24,4,5,5,455,"Champions",31382.4,"Very High"
12663,260.43125,2,239.4,0,2,1,21,"Others",478.8,"Low"
12664,150.272916666667,2,1188.16,1,2,4,124,"Others",2376.32,"Medium"
12665,53.3520833333333,2,250.6,2,2,1,221,"Others",501.2,"Low"
12666,30.1395833333333,1,1248.42,3,1,4,314,"Others",1248.42,"Medium"
12668,14.3423611111111,6,7575.88,4,4,5,445,"Champions",45455.28,"Very High"
12670,21.4138888888889,2,764.24,3,2,3,323,"Others",1528.48,"Medium"
12671,242.146527777778,1,2622.481,0,1,5,15,"Others",2622.481,"Medium"
12672,231.419444444444,1,211.15,0,1,1,11,"Others",211.15,"Low"
12673,37.3854166666667,1,619.5,2,1,3,213,"Others",619.5,"Low"
12675,189.425,2,957.25,0,2,3,23,"Others",1914.5,"Medium"
12676,44.4340277777778,5,1511.7,2,4,4,244,"At Risk",7558.5,"High"
12677,191.229861111111,2,395.1,0,2,2,22,"Others",790.2,"Low"
12678,11.4208333333333,9,16652.72,4,5,5,455,"Champions",149874.48,"Very High"
12681,3.41180555555556,24,17080.74,4,5,5,455,"Champions",409937.76,"Very High"
12682,1.21666666666667,23,11745.69,4,5,5,455,"Champions",270150.87,"Very High"
12683,1.32222222222222,8,4220.21,4,5,5,455,"Champions",33761.68,"Very High"
12686,7.42361111111111,1,89.14,4,1,1,411,"Potential Loyalists",89.14,"Low"
12687,116.325694444444,2,2138.91,1,2,4,124,"Others",4277.82,"Medium"
12691,56.3340277777778,1,134.6,2,1,1,211,"Others",134.6,"Low"
12692,273.249305555556,1,110.95,0,1,1,11,"Others",110.95,"Low"
12693,32.2111111111111,3,847.11,3,3,3,333,"Loyal Customers",2541.33,"Medium"
12694,57.0152777777778,1,973.68,2,1,3,213,"Others",973.68,"Medium"
12695,164.159027777778,3,825.02,1,3,3,133,"At Risk",2475.06,"Medium"
12696,70.3875,2,851.91,2,2,3,223,"Others",1703.82,"Medium"
12698,226.173611111111,1,339.75,0,1,2,12,"Others",339.75,"Low"
12699,53.3291666666667,1,638.11,2,1,3,213,"Others",638.11,"Low"
12701,165.261805555556,4,1648.7,1,4,4,144,"At Risk",6594.8,"High"
12703,269.277083333333,3,722.98,0,3,3,33,"At Risk",2168.94,"Medium"
12705,19.2513888888889,5,4893.81,3,4,5,345,"Loyal Customers",24469.05,"High"
12708,4.3875,9,2601.19,4,5,5,455,"Champions",23410.71,"High"
12709,2.425,20,21107.94,4,5,5,455,"Champions",422158.8,"Very High"
12711,247.334722222222,2,1339.05,0,2,4,24,"Others",2678.1,"Medium"
12712,1.34861111111111,10,2797.53,4,5,5,455,"Champions",27975.3,"High"
12714,24.0770833333333,7,9384.85,3,5,5,355,"Loyal Customers",65693.95,"Very High"
12717,226.227083333333,1,277.93,0,1,2,12,"Others",277.93,"Low"
12720,5.19444444444444,6,2478.94,4,4,5,445,"Champions",14873.64,"High"
12721,21.2,2,1356.95,3,2,4,324,"Others",2713.9,"Medium"
12724,19.2743055555556,3,1286.11,3,3,4,334,"Loyal Customers",3858.33,"Medium"
12725,7.17777777777778,4,2266.76,4,4,5,445,"Champions",9067.04,"High"
12726,23.1263888888889,4,1405.5,3,4,4,344,"Loyal Customers",5622,"High"
12727,78.3861111111111,3,1698.83,1,3,4,134,"At Risk",5096.49,"Medium"
12728,19.3520833333333,1,233.84,3,1,1,311,"Others",233.84,"Low"
12730,157.320833333333,1,829.25,1,1,3,113,"Others",829.25,"Low"
12731,78.2006944444445,5,6879.8,1,4,5,145,"At Risk",34399,"Very High"
12733,25.2534722222222,3,2040.92,3,3,4,334,"Loyal Customers",6122.76,"High"
12734,10.3722222222222,2,529.25,4,2,3,423,"Potential Loyalists",1058.5,"Medium"
12737,134.313888888889,2,3710.5,1,2,5,125,"Others",7421,"High"
12738,8.06527777777778,1,155.35,4,1,1,411,"Potential Loyalists",155.35,"Low"
12739,21.4298611111111,2,1713.69,3,2,4,324,"Others",3427.38,"Medium"
12741,165.225694444444,2,406.07,1,2,2,122,"Others",812.14,"Low"
12742,261.304166666667,1,1201.52,0,1,4,14,"Others",1201.52,"Medium"
12744,95.4006944444444,4,4037.77,1,4,5,145,"At Risk",16151.08,"High"
12745,122.407638888889,3,925.41,1,3,3,133,"At Risk",2776.23,"Medium"
12746,176.388888888889,1,254.55,0,1,2,12,"Others",254.55,"Low"
12747,5.18263888888889,16,5061.03,4,5,5,455,"Champions",80976.48,"Very High"
12748,1.27708333333333,144,22457.9,4,5,5,455,"Champions",3233937.6,"Very High"
12749,35.2534722222222,4,2806.48,3,4,5,345,"Loyal Customers",11225.92,"High"
12751,80.3,1,268.27,1,1,2,112,"Others",268.27,"Low"
12755,1.38680555555556,10,5218.71,4,5,5,455,"Champions",52187.1,"Very High"
12758,95.2909722222222,5,7111.65,1,4,5,145,"At Risk",35558.25,"Very High"
12759,22.0326388888889,5,3489.3,3,4,5,345,"Loyal Customers",17446.5,"High"
12760,91.4659722222222,1,347.8,1,1,2,112,"Others",347.8,"Low"
12761,93.3222222222222,2,782.95,1,2,3,123,"Others",1565.9,"Medium"
12763,5.17708333333333,1,320.08,4,1,2,412,"Potential Loyalists",320.08,"Low"
12765,108.256944444444,6,1404.58,1,4,4,144,"At Risk",8427.48,"High"
12766,2.25555555555556,3,3078.65,4,3,5,435,"Loyal Customers",9235.95,"High"
12767,11.4326388888889,1,949.82,4,1,3,413,"Potential Loyalists",949.82,"Low"
12768,86.3284722222222,1,168.69,1,1,1,111,"Others",168.69,"Low"
12770,92.3458333333333,1,1895,1,1,4,114,"Others",1895,"Medium"
12771,121.340277777778,1,282.3,1,1,2,112,"Others",282.3,"Low"
12773,200.104861111111,1,124.25,0,1,1,11,"Others",124.25,"Low"
12774,171.390972222222,1,98.7,1,1,1,111,"Others",98.7,"Low"
12775,24.1993055555556,2,300.08,3,2,2,322,"Others",600.16,"Low"
12776,303.326388888889,1,55.5,0,1,1,11,"Others",55.5,"Low"
12777,93.3513888888889,1,519.45,1,1,3,113,"Others",519.45,"Low"
12778,32.3819444444444,3,953.45,3,3,3,333,"Loyal Customers",2860.35,"Medium"
12779,7.26458333333333,7,2740.91,4,5,5,455,"Champions",19186.37,"High"
12780,234.43125,1,337.4,0,1,2,12,"Others",337.4,"Low"
12782,10.35,6,2287.32,4,4,5,445,"Champions",13723.92,"High"
12784,165.288194444444,1,1230.33,1,1,4,114,"Others",1230.33,"Medium"
12785,171.322916666667,2,788.45,1,2,3,123,"Others",1576.9,"Medium"
12786,245.325694444444,1,728.5,0,1,3,13,"Others",728.5,"Low"
12787,49.2111111111111,1,398.52,2,1,2,212,"Others",398.52,"Low"
12788,99.2361111111111,4,444.9,1,4,2,142,"At Risk",1779.6,"Medium"
12789,148.304166666667,2,181.5,1,2,1,121,"Others",363,"Low"
12790,46.2895833333333,1,266.93,2,1,2,212,"Others",266.93,"Low"
12791,9.35694444444444,6,863.51,4,4,3,443,"Loyal Customers",5181.06,"Medium"
12792,170.383333333333,1,426.47,1,1,2,112,"Others",426.47,"Low"
12793,7.19930555555556,2,471.85,4,2,2,422,"Potential Loyalists",943.7,"Low"
12796,264.175,1,381,0,1,2,12,"Others",381,"Low"
12797,1.37916666666667,2,552.08,4,2,3,423,"Potential Loyalists",1104.16,"Medium"
12798,57.3152777777778,1,1533.89,2,1,4,214,"Others",1533.89,"Medium"
12799,165.169444444444,1,219.35,1,1,1,111,"Others",219.35,"Low"
12800,106.243055555556,3,584.25,1,3,3,133,"At Risk",1752.75,"Medium"
12801,136.432638888889,1,1071.82,1,1,4,114,"Others",1071.82,"Medium"
12802,78.4013888888889,6,1988.84,1,4,4,144,"At Risk",11933.04,"High"
12803,29.2111111111111,1,1092.81,3,1,4,314,"Others",1092.81,"Medium"
12804,101.335416666667,2,325.37,1,2,2,122,"Others",650.74,"Low"
12805,17.3152777777778,4,1434.95,3,4,4,344,"Loyal Customers",5739.8,"High"
12806,71.26875,4,2878.96,1,4,5,145,"At Risk",11515.84,"High"
12807,19.2361111111111,1,330.35,3,1,2,312,"Others",330.35,"Low"
12808,4.39861111111111,3,422.45,4,3,2,432,"Loyal Customers",1267.35,"Medium"
12809,201.370138888889,2,1266.63,0,2,4,24,"Others",2533.26,"Medium"
12810,170.380555555556,2,534.99,1,2,3,123,"Others",1069.98,"Medium"
12811,14.425,2,519.05,4,2,3,423,"Potential Loyalists",1038.1,"Medium"
12813,137.424305555556,3,1687.8,1,3,4,134,"At Risk",5063.4,"Medium"
12817,35.48125,2,524.94,3,2,3,323,"Others",1049.88,"Medium"
12819,94.1951388888889,1,540.52,1,1,3,113,"Others",540.52,"Low"
12820,33.2326388888889,7,1747.18,3,5,4,354,"Loyal Customers",12230.26,"High"
12821,247.199305555556,1,128.08,0,1,1,11,"Others",128.08,"Low"
12823,30.31875,13,4742,3,5,5,355,"Loyal Customers",61646,"Very High"
12825,157.253472222222,2,518.63,1,2,3,123,"Others",1037.26,"Medium"
12826,1.19444444444444,6,1481.03,4,4,4,444,"Champions",8886.18,"High"
12829,186.20625,1,92.3,0,1,1,11,"Others",92.3,"Low"
12831,99.1673611111111,2,236.06,1,2,1,121,"Others",472.12,"Low"
12835,63.3763888888889,41,5996.83,2,5,5,255,"At Risk",245870.03,"Very High"
12836,25.1520833333333,11,3949.37,3,5,5,355,"Loyal Customers",43443.07,"Very High"
12837,205.202083333333,1,528.56,0,1,3,13,"Others",528.56,"Low"
12838,9.33611111111111,9,2694.75,4,5,5,455,"Champions",24252.75,"High"
12839,3.17569444444444,13,4480.31,4,5,5,455,"Champions",58244.03,"Very High"
12840,73.0854166666667,3,1315.2,1,3,4,134,"At Risk",3945.6,"Medium"
12841,5.32361111111111,17,3472.61,4,5,5,455,"Champions",59034.37,"Very High"
12842,40.3861111111111,2,799,2,2,3,223,"Others",1598,"Medium"
12843,18.2708333333333,22,4881.1,3,5,5,355,"Loyal Customers",107384.2,"Very High"
12844,78.1513888888889,2,322.64,1,2,2,122,"Others",645.28,"Low"
12846,318.147222222222,1,15.58,0,1,1,11,"Others",15.58,"Low"
12847,23.3034722222222,1,765.36,3,1,3,313,"Others",765.36,"Low"
12848,311.302777777778,1,208,0,1,1,11,"Others",208,"Low"
12849,17.3472222222222,4,2032.18,3,4,4,344,"Loyal Customers",8128.72,"High"
12850,81.3159722222222,1,330,1,1,2,112,"Others",330,"Low"
12851,113.2,1,148.95,1,1,1,111,"Others",148.95,"Low"
12853,63.2152777777778,5,1950.4,2,4,4,244,"At Risk",9752,"High"
12854,197.129861111111,4,1654.72,0,4,4,44,"At Risk",6618.88,"High"
12855,8.43333333333333,4,612.84,4,4,3,443,"Loyal Customers",2451.36,"Medium"
12857,72.1333333333333,4,2581.6,1,4,5,145,"At Risk",10326.4,"High"
12858,19.2958333333333,1,147.27,3,1,1,311,"Others",147.27,"Low"
12859,94.3201388888889,1,575.1,1,1,3,113,"Others",575.1,"Low"
12860,329.19375,1,54.22,0,1,1,11,"Others",54.22,"Low"
12861,255.348611111111,1,68.25,0,1,1,11,"Others",68.25,"Low"
12862,61.3430555555556,2,984.62,2,2,3,223,"Others",1969.24,"Medium"
12863,15.0930555555556,5,2271.35,4,4,5,445,"Champions",11356.75,"High"
12864,144.110416666667,1,152.45,1,1,1,111,"Others",152.45,"Low"
12865,14.1833333333333,2,1755.24,4,2,4,424,"Potential Loyalists",3510.48,"Medium"
12866,110.175694444444,2,668.23,1,2,3,123,"Others",1336.46,"Medium"
12867,33.1875,6,3819.92,3,4,5,345,"Loyal Customers",22919.52,"High"
12868,9.29930555555556,3,640,4,3,3,433,"Loyal Customers",1920,"Medium"
12869,317.327083333333,1,337.67,0,1,2,12,"Others",337.67,"Low"
12870,11.2631944444444,3,1676.95,4,3,4,434,"Loyal Customers",5030.85,"Medium"
12871,75.39375,1,363.38,1,1,2,112,"Others",363.38,"Low"
12872,1.22013888888889,11,3062.52,4,5,5,455,"Champions",33687.72,"Very High"
12873,33.3652777777778,2,1653.3,3,2,4,324,"Others",3306.6,"Medium"
12874,21.1930555555556,2,948.42,3,2,3,323,"Others",1896.84,"Medium"
12875,107.226388888889,3,1013.76,1,3,4,134,"At Risk",3041.28,"Medium"
12876,30.3194444444444,2,1863.77,3,2,4,324,"Others",3727.54,"Medium"
12877,37.2555555555556,8,1406.37,2,5,4,254,"At Risk",11250.96,"High"
12880,17.3826388888889,2,640.13,3,2,3,323,"Others",1280.26,"Medium"
12887,19.3631944444444,1,222.4,3,1,1,311,"Others",222.4,"Low"
12889,17.1618055555556,4,385.46,3,4,2,342,"Loyal Customers",1541.84,"Medium"
12890,23.2465277777778,1,329.3,3,1,2,312,"Others",329.3,"Low"
12891,94.1875,8,509.5,1,5,3,153,"At Risk",4076,"Medium"
12892,32.4236111111111,1,263.38,3,1,2,312,"Others",263.38,"Low"
12894,211.218055555556,1,157.35,0,1,1,11,"Others",157.35,"Low"
12897,17.2722222222222,2,297.75,3,2,2,322,"Others",595.5,"Low"
12898,99.4951388888889,2,296.21,1,2,2,122,"Others",592.42,"Low"
12899,49.4222222222222,1,366.4,2,1,2,212,"Others",366.4,"Low"
12900,58.1972222222222,1,340.33,2,1,2,212,"Others",340.33,"Low"
12903,64.3069444444444,1,833.53,2,1,3,213,"Others",833.53,"Low"
12905,212.413888888889,2,1018.42,0,2,4,24,"Others",2036.84,"Medium"
12907,31.3284722222222,2,508.91,3,2,3,323,"Others",1017.82,"Medium"
12908,16.4388888888889,3,1026,3,3,4,334,"Loyal Customers",3078,"Medium"
12909,60.4284722222222,3,924.52,2,3,3,233,"At Risk",2773.56,"Medium"
12910,15.3152777777778,5,2721.48,3,4,5,345,"Loyal Customers",13607.4,"High"
12911,187.325,1,1651.72,0,1,4,14,"Others",1651.72,"Medium"
12913,4.14236111111111,9,4217.23,4,5,5,455,"Champions",37955.07,"Very High"
12914,36.3145833333333,1,223.98,2,1,1,211,"Others",223.98,"Low"
12915,8.31111111111111,3,811.1,4,3,3,433,"Loyal Customers",2433.3,"Medium"
12916,78.3361111111111,3,1534.78,1,3,4,134,"At Risk",4604.34,"Medium"
12917,36.1701388888889,5,3765.2,2,4,5,245,"At Risk",18826,"High"
12918,262.19375,1,10953.5,0,1,5,15,"Others",10953.5,"High"
12920,207.294444444444,3,323.86,0,3,2,32,"At Risk",971.58,"Medium"
12921,2.40763888888889,39,19333.95,4,5,5,455,"Champions",754024.05,"Very High"
12923,26.28125,2,597.6,3,2,3,323,"Others",1195.2,"Medium"
12924,29.1944444444444,8,1535.7,3,5,4,354,"Loyal Customers",12285.6,"High"
12925,228.395138888889,1,35.28,0,1,1,11,"Others",35.28,"Low"
12926,47.1694444444444,4,1523.97,2,4,4,244,"At Risk",6095.88,"High"
12927,30.4159722222222,1,197.31,3,1,1,311,"Others",197.31,"Low"
12928,14.1722222222222,7,2242.19,4,5,5,455,"Champions",15695.33,"High"
12931,16.4111111111111,42,50291.38,3,5,5,355,"Loyal Customers",2112237.96,"Very High"
12932,175.235416666667,8,1698.56,1,5,4,154,"At Risk",13588.48,"High"
12933,16.1180555555556,5,1029.1,3,4,4,344,"Loyal Customers",5145.5,"Medium"
12934,372.381944444444,1,181.65,0,1,1,11,"Others",181.65,"Low"
12935,11.2541666666667,8,2083.16,4,5,4,454,"Champions",16665.28,"High"
12937,99.1666666666667,5,1593.34,1,4,4,144,"At Risk",7966.7,"High"
12939,15.2159722222222,12,13683,4,5,5,455,"Champions",164196,"Very High"
12941,360.284027777778,1,377.49,0,1,2,12,"Others",377.49,"Low"
12942,1.43541666666667,1,258.75,4,1,2,412,"Potential Loyalists",258.75,"Low"
12943,194.25625,2,496.5,0,2,2,22,"Others",993,"Medium"
12945,292.196527777778,1,437.16,0,1,2,12,"Others",437.16,"Low"
12946,72.4076388888889,1,324.45,1,1,2,112,"Others",324.45,"Low"
12947,9.15277777777778,1,304.04,4,1,2,412,"Potential Loyalists",304.04,"Low"
12948,366.34375,2,252.48,0,2,2,22,"Others",504.96,"Low"
12949,18.1777777777778,14,11359.48,3,5,5,355,"Loyal Customers",159032.72,"Very High"
12951,22.3263888888889,9,2149.65,3,5,5,355,"Loyal Customers",19346.85,"High"
12953,158.266666666667,1,498.96,1,1,2,112,"Others",498.96,"Low"
12954,274.40625,1,162.45,0,1,1,11,"Others",162.45,"Low"
12956,320.394444444444,3,413.82,0,3,2,32,"At Risk",1241.46,"Medium"
12957,177.4625,5,4689.43,0,4,5,45,"At Risk",23447.15,"High"
12958,36.15625,2,467.34,3,2,2,322,"Others",934.68,"Low"
12959,120.111805555556,1,150.95,1,1,1,111,"Others",150.95,"Low"
12960,49.4375,4,1322.07,2,4,4,244,"At Risk",5288.28,"Medium"
12961,15.1368055555556,1,211.99,4,1,1,411,"Potential Loyalists",211.99,"Low"
12963,1.44930555555556,5,1744.96,4,4,4,444,"Champions",8724.8,"High"
12964,73.0930555555556,1,132.24,1,1,1,111,"Others",132.24,"Low"
12967,7.425,2,2646.02,4,2,5,425,"Potential Loyalists",5292.04,"Medium"
12969,238.382638888889,1,122.45,0,1,1,11,"Others",122.45,"Low"
12970,16.2868055555556,6,1048.13,3,4,4,344,"Loyal Customers",6288.78,"High"
12971,2.15277777777778,33,4782.88,4,5,5,455,"Champions",157835.04,"Very High"
12972,49.4722222222222,4,1161.2,2,4,4,244,"At Risk",4644.8,"Medium"
12973,49.4076388888889,1,385.55,2,1,2,212,"Others",385.55,"Low"
12974,201.344444444444,1,264.15,0,1,2,12,"Others",264.15,"Low"
12975,72.4270833333333,6,2100.09,1,4,4,144,"At Risk",12600.54,"High"
12976,14.2152777777778,7,2417.78,4,5,5,455,"Champions",16924.46,"High"
12977,137.310416666667,3,474.64,1,3,2,132,"At Risk",1423.92,"Medium"
12978,21.2305555555556,5,2502.82,3,4,5,345,"Loyal Customers",12514.1,"High"
12979,365.177777777778,1,517.7,0,1,3,13,"Others",517.7,"Low"
12980,22.2291666666667,12,8870.88,3,5,5,355,"Loyal Customers",106450.56,"Very High"
12982,30.4659722222222,7,2354.27,3,5,5,355,"Loyal Customers",16479.89,"High"
12983,234.29375,1,490.08,0,1,2,12,"Others",490.08,"Low"
12986,64.3361111111111,10,2729.84,2,5,5,255,"At Risk",27298.4,"High"
12987,56.2590277777778,3,753.51,2,3,3,233,"At Risk",2260.53,"Medium"
12989,60.3090277777778,18,6627.64,2,5,5,255,"At Risk",119297.52,"Very High"
12990,53.4618055555556,4,546,2,4,3,243,"At Risk",2184,"Medium"
12991,25.2625,1,261.06,3,1,2,312,"Others",261.06,"Low"
12992,361.135416666667,1,93.35,0,1,1,11,"Others",93.35,"Low"
12993,81.2861111111111,4,844.87,1,4,3,143,"At Risk",3379.48,"Medium"
12996,11.4402777777778,1,355.5,4,1,2,412,"Potential Loyalists",355.5,"Low"
12997,30.3229166666667,4,884.02,3,4,3,343,"Loyal Customers",3536.08,"Medium"
12998,128.497222222222,3,920.08,1,3,3,133,"At Risk",2760.24,"Medium"
13000,361.123611111111,1,497.65,0,1,2,12,"Others",497.65,"Low"
13001,40.2826388888889,20,14256.68,2,5,5,255,"At Risk",285133.6,"Very High"
13002,52.3180555555556,2,293.18,2,2,2,222,"Others",586.36,"Low"
13004,22.0368055555556,18,5994.94,3,5,5,355,"Loyal Customers",107908.92,"Very High"
13005,67.3708333333333,2,485.98,2,2,2,222,"Others",971.96,"Medium"
13007,215.390972222222,1,175.25,0,1,1,11,"Others",175.25,"Low"
13008,33.39375,2,382.66,3,2,2,322,"Others",765.32,"Low"
13009,308.31875,1,234,0,1,1,11,"Others",234,"Low"
13010,10.2027777777778,2,330.12,4,2,2,422,"Potential Loyalists",660.24,"Low"
13011,8.11041666666667,1,50.55,4,1,1,411,"Potential Loyalists",50.55,"Low"
13012,65.3895833333333,3,1310.99,2,3,4,234,"At Risk",3932.97,"Medium"
13013,7.31388888888889,18,7814.83,4,5,5,455,"Champions",140666.94,"Very High"
13014,68.3513888888889,1,1914.8,2,1,4,214,"Others",1914.8,"Medium"
13015,74.3902777777778,6,3240.14,1,4,5,145,"At Risk",19440.84,"High"
13018,49.2847222222222,7,2485.46,2,5,5,255,"At Risk",17398.22,"High"
13019,15.2118055555556,6,1229.95,4,4,4,444,"Champions",7379.7,"High"
13020,198.367361111111,2,618.96,0,2,3,23,"Others",1237.92,"Medium"
13021,10.2708333333333,8,2270.86,4,5,5,455,"Champions",18166.88,"High"
13022,65.3826388888889,1,65.3,2,1,1,211,"Others",65.3,"Low"
13023,164.422916666667,1,759.13,1,1,3,113,"Others",759.13,"Low"
13024,106.429861111111,2,555.87,1,2,3,123,"Others",1111.74,"Medium"
13025,367.415972222222,1,323.39,0,1,2,12,"Others",323.39,"Low"
13026,124.3875,4,757.72,1,4,3,143,"At Risk",3030.88,"Medium"
13027,21.1736111111111,13,10327.2,3,5,5,355,"Loyal Customers",134253.6,"Very High"
13029,10.4597222222222,2,679.8,4,2,3,423,"Potential Loyalists",1359.6,"Medium"
13030,4.22916666666667,1,402.36,4,1,2,412,"Potential Loyalists",402.36,"Low"
13031,43.1854166666667,5,3292.84,2,4,5,245,"At Risk",16464.2,"High"
13032,28.3,7,1805.78,3,5,4,354,"Loyal Customers",12640.46,"High"
13033,65.4333333333333,1,30,2,1,1,211,"Others",30,"Low"
13034,5.21458333333333,2,279.91,4,2,2,422,"Potential Loyalists",559.82,"Low"
13035,67.1805555555556,1,442.32,2,1,2,212,"Others",442.32,"Low"
13036,320.351388888889,1,307.1,0,1,2,12,"Others",307.1,"Low"
13037,35.3902777777778,9,3033.88,3,5,5,355,"Loyal Customers",27304.92,"High"
13039,220.136111111111,4,1010.73,0,4,4,44,"At Risk",4042.92,"Medium"
13041,86.3451388888889,4,799.13,1,4,3,143,"At Risk",3196.52,"Medium"
13042,234.2625,3,1488.59,0,3,4,34,"At Risk",4465.77,"Medium"
13044,128.148611111111,10,4287.58,1,5,5,155,"At Risk",42875.8,"Very High"
13045,37.3,2,503.64,2,2,3,223,"Others",1007.28,"Medium"
13046,92.2861111111111,1,319.94,1,1,2,112,"Others",319.94,"Low"
13047,9.47638888888889,17,5557.62,4,5,5,455,"Champions",94479.54,"Very High"
13048,72.2583333333333,5,2229.72,1,4,5,145,"At Risk",11148.6,"High"
13049,25.2201388888889,2,751.56,3,2,3,323,"Others",1503.12,"Medium"
13050,2.43819444444444,19,6477.67,4,5,5,455,"Champions",123075.73,"Very High"
13051,214.449305555556,2,155.8,0,2,1,21,"Others",311.6,"Low"
13052,56.2180555555556,6,2771.18,2,4,5,245,"At Risk",16627.08,"High"
13053,257.35625,1,127.65,0,1,1,11,"Others",127.65,"Low"
13055,65.4888888888889,1,1106.7,2,1,4,214,"Others",1106.7,"Medium"
13056,187.24375,1,209.48,0,1,1,11,"Others",209.48,"Low"
13057,166.178472222222,3,709.59,1,3,3,133,"At Risk",2128.77,"Medium"
13059,49.1597222222222,9,2108.37,2,5,4,254,"At Risk",18975.33,"High"
13063,116.315277777778,1,188.4,1,1,1,111,"Others",188.4,"Low"
13064,186.147916666667,2,561.25,0,2,3,23,"Others",1122.5,"Medium"
13065,9.13125,5,1055.05,4,4,4,444,"Champions",5275.25,"Medium"
13067,45.3236111111111,2,393.05,2,2,2,222,"Others",786.1,"Low"
13069,5.37361111111111,16,5185.51,4,5,5,455,"Champions",82968.16,"Very High"
13070,95.3083333333333,3,522.9,1,3,3,133,"At Risk",1568.7,"Medium"
13071,248.266666666667,1,129.22,0,1,1,11,"Others",129.22,"Low"
13073,47.2465277777778,2,418.08,2,2,2,222,"Others",836.16,"Low"
13074,147.130555555556,4,1378.74,1,4,4,144,"At Risk",5514.96,"Medium"
13076,93.3986111111111,1,135.4,1,1,1,111,"Others",135.4,"Low"
13077,2.20972222222222,8,2326.35,4,5,5,455,"Champions",18610.8,"High"
13078,2.45416666666667,32,16904.51,4,5,5,455,"Champions",540944.32,"Very High"
13079,53.2402777777778,1,199.08,2,1,1,211,"Others",199.08,"Low"
13080,37.2270833333333,3,222.65,2,3,1,231,"At Risk",667.95,"Low"
13081,7.11111111111111,19,30867.77,4,5,5,455,"Champions",586487.63,"Very High"
13082,60.2375,12,3722.12,2,5,5,255,"At Risk",44665.44,"Very High"
13083,61.2659722222222,1,91.68,2,1,1,211,"Others",91.68,"Low"
13084,127.466666666667,1,122.4,1,1,1,111,"Others",122.4,"Low"
13085,315.346527777778,6,2017.2,0,4,4,44,"At Risk",12103.2,"High"
13086,18.3979166666667,1,439.33,3,1,2,312,"Others",439.33,"Low"
13087,362.197916666667,1,313.64,0,1,2,12,"Others",313.64,"Low"
13088,53.1847222222222,1,236.11,2,1,1,211,"Others",236.11,"Low"
13089,4.25069444444444,109,57885.45,4,5,5,455,"Champions",6309514.05,"Very High"
13090,1.15972222222222,13,5189.32,4,5,5,455,"Champions",67461.16,"Very High"
13091,365.303472222222,2,1976,0,2,4,24,"Others",3952,"Medium"
13092,50.2909722222222,7,1662.45,2,5,4,254,"At Risk",11637.15,"High"
13093,9.20902777777778,48,47111.18,4,5,5,455,"Champions",2261336.64,"Very High"
13094,4.39375,2,505.8,4,2,3,423,"Potential Loyalists",1011.6,"Medium"
13096,30.2451388888889,1,419.7,3,1,2,312,"Others",419.7,"Low"
13097,24.4243055555556,18,7320.88,3,5,5,355,"Loyal Customers",131775.84,"Very High"
13101,134.219444444444,3,594.21,1,3,3,133,"At Risk",1782.63,"Medium"
13102,1.26597222222222,14,5272.83,4,5,5,455,"Champions",73819.62,"Very High"
13103,73.3423611111111,2,465.7,1,2,2,122,"Others",931.4,"Low"
13104,51.2243055555556,3,610.62,2,3,3,233,"At Risk",1831.86,"Medium"
13105,72.2638888888889,1,72,1,1,1,111,"Others",72,"Low"
13106,49.2854166666667,1,526.96,2,1,3,213,"Others",526.96,"Low"
13107,49.3930555555556,5,3721.45,2,4,5,245,"At Risk",18607.25,"High"
13108,8.39305555555556,2,748.46,4,2,3,423,"Potential Loyalists",1496.92,"Medium"
13109,187.293055555556,1,347.49,0,1,2,12,"Others",347.49,"Low"
13110,73.1930555555556,5,1468.8,1,4,4,144,"At Risk",7344,"High"
13111,354.459027777778,1,321.88,0,1,2,12,"Others",321.88,"Low"
13112,177.123611111111,1,20.6,0,1,1,11,"Others",20.6,"Low"
13113,2.27777777777778,14,6357.08,4,5,5,455,"Champions",88999.12,"Very High"
13114,366.420138888889,1,234.38,0,1,1,11,"Others",234.38,"Low"
13115,15.05,6,3199.92,4,4,5,445,"Champions",19199.52,"High"
13117,1.21597222222222,12,1658.9,4,5,4,454,"Champions",19906.8,"High"
13118,12.2555555555556,4,1217.6,4,4,4,444,"Champions",4870.4,"Medium"
13119,304.474305555556,1,134.9,0,1,1,11,"Others",134.9,"Low"
13123,108.404861111111,2,506.75,1,2,3,123,"Others",1013.5,"Medium"
13124,21.1743055555556,1,885.33,3,1,3,313,"Others",885.33,"Low"
13125,159.335416666667,1,148.62,1,1,1,111,"Others",148.62,"Low"
13126,2.34583333333333,7,1898.61,4,5,4,454,"Champions",13290.27,"High"
13128,267.203472222222,1,263.5,0,1,2,12,"Others",263.5,"Low"
13129,88.2597222222222,2,233.25,1,2,1,121,"Others",466.5,"Low"
13131,54.2,4,2240.47,2,4,5,245,"At Risk",8961.88,"High"
13133,95.1881944444444,1,90.65,1,1,1,111,"Others",90.65,"Low"
13134,38.2520833333333,2,681.65,2,2,3,223,"Others",1363.3,"Medium"
13135,127.10625,1,275.45,1,1,2,112,"Others",275.45,"Low"
13136,11.3041666666667,8,3666.95,4,5,5,455,"Champions",29335.6,"High"
13137,22.2736111111111,8,3983.65,3,5,5,355,"Loyal Customers",31869.2,"Very High"
13138,8.20694444444444,2,504.85,4,2,3,423,"Potential Loyalists",1009.7,"Medium"
13139,73.4506944444445,1,3138.04,1,1,5,115,"Others",3138.04,"Medium"
13140,2.20069444444444,3,790.71,4,3,3,433,"Loyal Customers",2372.13,"Medium"
13141,21.3819444444444,12,5267.33,3,5,5,355,"Loyal Customers",63207.96,"Very High"
13143,220.31875,1,405.1,0,1,2,12,"Others",405.1,"Low"
13144,67.2409722222222,1,24.4,2,1,1,211,"Others",24.4,"Low"
13145,8.07986111111111,4,805,4,4,3,443,"Loyal Customers",3220,"Medium"
13148,25.0958333333333,14,4814.56,3,5,5,355,"Loyal Customers",67403.84,"Very High"
13150,120.293055555556,3,449.97,1,3,2,132,"At Risk",1349.91,"Medium"
13151,261.4375,2,1207.34,0,2,4,24,"Others",2414.68,"Medium"
13152,53.2618055555556,7,2146.38,2,5,5,255,"At Risk",15024.66,"High"
13154,35.1673611111111,3,1624.84,3,3,4,334,"Loyal Customers",4874.52,"Medium"
13155,4.30347222222222,3,778.42,4,3,3,433,"Loyal Customers",2335.26,"Medium"
13156,21.2861111111111,3,1586.54,3,3,4,334,"Loyal Customers",4759.62,"Medium"
13157,45.2215277777778,5,3946.14,2,4,5,245,"At Risk",19730.7,"High"
13158,24.1173611111111,1,307.12,3,1,2,312,"Others",307.12,"Low"
13161,136.303472222222,1,359.38,1,1,2,112,"Others",359.38,"Low"
13162,16.1847222222222,12,7587.2,3,5,5,355,"Loyal Customers",91046.4,"Very High"
13163,246.152777777778,1,17.65,0,1,1,11,"Others",17.65,"Low"
13164,205.25625,2,372.2,0,2,2,22,"Others",744.4,"Low"
13165,49.1229166666667,1,429.68,2,1,2,212,"Others",429.68,"Low"
13166,50.2305555555556,1,458.73,2,1,2,212,"Others",458.73,"Low"
13167,26.29375,1,333.82,3,1,2,312,"Others",333.82,"Low"
13168,178.209027777778,1,541.14,0,1,3,13,"Others",541.14,"Low"
13169,198.16875,1,127.2,0,1,1,11,"Others",127.2,"Low"
13172,36.2020833333333,1,69.6,2,1,1,211,"Others",69.6,"Low"
13173,3.22986111111111,10,2212.11,4,5,5,455,"Champions",22121.1,"High"
13174,5.15069444444444,10,6621.6,4,5,5,455,"Champions",66216,"Very High"
13175,218.283333333333,2,831.45,0,2,3,23,"Others",1662.9,"Medium"
13177,66.3930555555555,1,229.75,2,1,1,211,"Others",229.75,"Low"
13178,33.1743055555556,10,8333.72,3,5,5,355,"Loyal Customers",83337.2,"Very High"
13179,254.347916666667,1,572.31,0,1,3,13,"Others",572.31,"Low"
13180,243.266666666667,1,86.1,0,1,1,11,"Others",86.1,"Low"
13181,17.2055555555556,1,359.69,3,1,2,312,"Others",359.69,"Low"
13183,30.2583333333333,6,3078.4,3,4,5,345,"Loyal Customers",18470.4,"High"
13187,260.038194444444,3,105.34,0,3,1,31,"At Risk",316.02,"Low"
13190,180.176388888889,3,570.66,0,3,3,33,"At Risk",1711.98,"Medium"
13191,294.124305555556,1,164.69,0,1,1,11,"Others",164.69,"Low"
13192,171.422916666667,4,1646.64,1,4,4,144,"At Risk",6586.56,"High"
13194,57.3381944444444,1,412.08,2,1,2,212,"Others",412.08,"Low"
13195,50.2875,1,136.73,2,1,1,211,"Others",136.73,"Low"
13196,79.25,3,1271.06,1,3,4,134,"At Risk",3813.18,"Medium"
13197,245.449305555556,1,373.01,0,1,2,12,"Others",373.01,"Low"
13198,23.2333333333333,2,1572.99,3,2,4,324,"Others",3145.98,"Medium"
13199,2.38194444444444,30,6615.77,4,5,5,455,"Champions",198473.1,"Very High"
13201,138.229861111111,4,1233.06,1,4,4,144,"At Risk",4932.24,"Medium"
13202,30.1506944444444,7,1580.3,3,5,4,354,"Loyal Customers",11062.1,"High"
13203,22.4118055555556,6,1778.79,3,4,4,344,"Loyal Customers",10672.74,"High"
13204,367.211805555556,1,966.66,0,1,3,13,"Others",966.66,"Medium"
13205,79.1493055555556,1,2803.2,1,1,5,115,"Others",2803.2,"Medium"
13206,36.1326388888889,13,8308.19,3,5,5,355,"Loyal Customers",108006.47,"Very High"
13207,87.1784722222222,2,285.6,1,2,2,122,"Others",571.2,"Low"
13208,85.0125,3,758.65,1,3,3,133,"At Risk",2275.95,"Medium"
13209,150.174305555556,5,2617.9,1,4,5,145,"At Risk",13089.5,"High"
13211,17.1972222222222,7,1523.35,3,5,4,354,"Loyal Customers",10663.45,"High"
13213,19.2270833333333,6,2330.94,3,4,5,345,"Loyal Customers",13985.64,"High"
13214,53.4173611111111,7,3264.23,2,5,5,255,"At Risk",22849.61,"High"
13215,38.0659722222222,1,81.6,2,1,1,211,"Others",81.6,"Low"
13217,291.3,1,132.5,0,1,1,11,"Others",132.5,"Low"
13219,254.238194444444,1,76.23,0,1,1,11,"Others",76.23,"Low"
13220,211.393055555556,1,516.8,0,1,3,13,"Others",516.8,"Low"
13222,213.254861111111,1,88.5,0,1,1,11,"Others",88.5,"Low"
13223,59.3708333333333,4,805.92,2,4,3,243,"At Risk",3223.68,"Medium"
13225,57.1493055555556,9,9796.23,2,5,5,255,"At Risk",88166.07,"Very High"
13226,29.2604166666667,1,204.25,3,1,1,311,"Others",204.25,"Low"
13230,1.02291666666667,17,3457.83,4,5,5,455,"Champions",58783.11,"Very High"
13233,56.3416666666667,2,571.34,2,2,3,223,"Others",1142.68,"Medium"
13234,308.347222222222,2,346.5,0,2,2,22,"Others",693,"Low"
13237,23.4125,1,643,3,1,3,313,"Others",643,"Low"
13238,66.3076388888889,2,305.9,2,2,2,222,"Others",611.8,"Low"
13239,73.1111111111111,4,1265.13,1,4,4,144,"At Risk",5060.52,"Medium"
13240,1.3,5,1036.21,4,4,4,444,"Champions",5181.05,"Medium"
13241,47.3638888888889,1,112.53,2,1,1,211,"Others",112.53,"Low"
13242,87.2555555555556,4,429,1,4,2,142,"At Risk",1716,"Medium"
13243,85.2798611111111,4,635.26,1,4,3,143,"At Risk",2541.04,"Medium"
13245,68.2486111111111,1,558.72,2,1,3,213,"Others",558.72,"Low"
13246,29.2965277777778,5,1390.23,3,4,4,344,"Loyal Customers",6951.15,"High"
13249,37.2472222222222,6,897.52,2,4,3,243,"At Risk",5385.12,"Medium"
13250,96.3527777777778,2,253.09,1,2,2,122,"Others",506.18,"Low"
13251,38.2784722222222,1,252.68,2,1,2,212,"Others",252.68,"Low"
13252,30.1673611111111,2,399.3,3,2,2,322,"Others",798.6,"Low"
13253,66.2694444444444,2,1920.71,2,2,4,224,"Others",3841.42,"Medium"
13254,12.1798611111111,1,51.41,4,1,1,411,"Potential Loyalists",51.41,"Low"
13255,9.33541666666667,2,504.95,4,2,3,423,"Potential Loyalists",1009.9,"Medium"
13257,72.2104166666667,1,149.75,1,1,1,111,"Others",149.75,"Low"
13258,15.3798611111111,2,336.6,3,2,2,322,"Others",673.2,"Low"
13259,33.3784722222222,8,1119.36,3,5,4,354,"Loyal Customers",8954.88,"High"
13262,25.3201388888889,2,373.16,3,2,2,322,"Others",746.32,"Low"
13263,29.175,4,1239.27,3,4,4,344,"Loyal Customers",4957.08,"Medium"
13264,78.3048611111111,1,722.56,1,1,3,113,"Others",722.56,"Low"
13266,49.325,7,2300.78,2,5,5,255,"At Risk",16105.46,"High"
13267,2.44513888888889,18,5236.77,4,5,5,455,"Champions",94261.86,"Very High"
13269,5.34027777777778,14,3545.47,4,5,5,455,"Champions",49636.58,"Very High"
13270,2.21388888888889,1,590,4,1,3,413,"Potential Loyalists",590,"Low"
13274,45.2590277777778,1,360.85,2,1,2,212,"Others",360.85,"Low"
13275,19.3277777777778,2,238.86,3,2,1,321,"Others",477.72,"Low"
13276,33.2388888888889,3,1300.98,3,3,4,334,"Loyal Customers",3902.94,"Medium"
13277,16.1854166666667,3,264.9,3,3,2,332,"Loyal Customers",794.7,"Low"
13278,35.3465277777778,3,893.12,3,3,3,333,"Loyal Customers",2679.36,"Medium"
13280,15.2152777777778,4,1494.87,4,4,4,444,"Champions",5979.48,"High"
13281,75.1652777777778,1,350.85,1,1,2,112,"Others",350.85,"Low"
13282,42.2430555555556,1,181.05,2,1,1,211,"Others",181.05,"Low"
13283,203.253472222222,2,279.7,0,2,2,22,"Others",559.4,"Low"
13285,236.265972222222,2,655.47,0,2,3,23,"Others",1310.94,"Medium"
13286,236.184722222222,1,734.91,0,1,3,13,"Others",734.91,"Low"
13287,239.190972222222,3,781.59,0,3,3,33,"At Risk",2344.77,"Medium"
13288,79.1451388888889,5,927.61,1,4,3,143,"At Risk",4638.05,"Medium"
13289,359.338888888889,1,307.95,0,1,2,12,"Others",307.95,"Low"
13290,74.1472222222222,1,208.63,1,1,1,111,"Others",208.63,"Low"
13291,50.0416666666667,10,2909.68,2,5,5,255,"At Risk",29096.8,"High"
13292,51.2819444444444,3,415.57,2,3,2,232,"At Risk",1246.71,"Medium"
13293,28.2729166666667,6,1192.94,3,4,4,344,"Loyal Customers",7157.64,"High"
13294,282.296527777778,1,815.79,0,1,3,13,"Others",815.79,"Low"
13295,12.2409722222222,3,900.77,4,3,3,433,"Loyal Customers",2702.31,"Medium"
13296,59.3055555555556,5,705.11,2,4,3,243,"At Risk",3525.55,"Medium"
13297,21.2583333333333,3,2278.77,3,3,5,335,"Loyal Customers",6836.31,"High"
13299,59.3805555555556,2,1076.2,2,2,4,224,"Others",2152.4,"Medium"
13300,24.11875,2,913.62,3,2,3,323,"Others",1827.24,"Medium"
13302,162.311805555556,1,95.45,1,1,1,111,"Others",95.45,"Low"
13303,36.2125,1,61.72,2,1,1,211,"Others",61.72,"Low"
13304,91.4111111111111,3,917.57,1,3,3,133,"At Risk",2752.71,"Medium"
13305,8.32708333333333,7,1751.75,4,5,4,454,"Champions",12262.25,"High"
13306,66.2125,1,53.65,2,1,1,211,"Others",53.65,"Low"
13307,123.295138888889,2,258.34,1,2,2,122,"Others",516.68,"Low"
13308,232.44375,1,284.86,0,1,2,12,"Others",284.86,"Low"
13309,28.3270833333333,1,249.58,3,1,1,311,"Others",249.58,"Low"
13310,16.4493055555556,2,409.17,3,2,2,322,"Others",818.34,"Low"
13312,87.2256944444444,1,124.75,1,1,1,111,"Others",124.75,"Low"
13313,115.344444444444,7,1890,1,5,4,154,"At Risk",13230,"High"
13315,325.185416666667,1,310.26,0,1,2,12,"Others",310.26,"Low"
13316,28.4076388888889,6,7207.89,3,4,5,345,"Loyal Customers",43247.34,"Very High"
13317,21.4131944444444,13,4212.411,3,5,5,355,"Loyal Customers",54761.343,"Very High"
13319,1.41388888888889,34,11236.95,4,5,5,455,"Champions",382056.3,"Very High"
13320,70.2097222222222,2,679.4,2,2,3,223,"Others",1358.8,"Medium"
13324,64.3034722222222,8,3391.52,2,5,5,255,"At Risk",27132.16,"High"
13326,68.1673611111111,1,281.76,2,1,2,212,"Others",281.76,"Low"
13327,1.18611111111111,14,6251.71,4,5,5,455,"Champions",87523.94,"Very High"
13329,2.40972222222222,7,4323.97,4,5,5,455,"Champions",30267.79,"High"
13330,91.2423611111111,3,1655.17,1,3,4,134,"At Risk",4965.51,"Medium"
13331,37.4979166666667,1,262.4,2,1,2,212,"Others",262.4,"Low"
13333,47.2756944444444,3,1015.74,2,3,4,234,"At Risk",3047.22,"Medium"
13334,172.25625,2,2699.48,1,2,5,125,"Others",5398.96,"Medium"
13337,182.273611111111,1,1575.26,0,1,4,14,"Others",1575.26,"Medium"
13338,177.401388888889,3,1958.6,0,3,4,34,"At Risk",5875.8,"High"
13340,53.3881944444444,5,11364.08,2,4,5,245,"At Risk",56820.4,"Very High"
13346,98.3472222222222,6,299.4,1,4,2,142,"At Risk",1796.4,"Medium"
13357,130.249305555556,4,3196.11,1,4,5,145,"At Risk",12784.44,"High"
13359,39.2055555555556,1,603.75,2,1,3,213,"Others",603.75,"Low"
13360,67.3083333333333,4,1553.65,2,4,4,244,"At Risk",6214.6,"High"
13361,108.211805555556,2,1450.5,1,2,4,124,"Others",2901,"Medium"
13362,14.1409722222222,3,2303.33,4,3,5,435,"Loyal Customers",6909.99,"High"
13363,45.3708333333333,1,731.36,2,1,3,213,"Others",731.36,"Low"
13367,67.4173611111111,1,510.2,2,1,3,213,"Others",510.2,"Low"
13368,50.4291666666667,2,498.1,2,2,2,222,"Others",996.2,"Medium"
13369,1.35486111111111,1,308.28,4,1,2,412,"Potential Loyalists",308.28,"Low"
13370,7.39930555555556,1,754.87,4,1,3,413,"Potential Loyalists",754.87,"Low"
13371,141.102777777778,2,2297.66,1,2,5,125,"Others",4595.32,"Medium"
13373,51.4111111111111,3,4274.94,2,3,5,235,"At Risk",12824.82,"High"
13374,50.4145833333333,2,422.8,2,2,2,222,"Others",845.6,"Low"
13375,80.4923611111111,1,1013.58,1,1,4,114,"Others",1013.58,"Medium"
13377,32.3201388888889,2,1552.88,3,2,4,324,"Others",3105.76,"Medium"
13380,68.4048611111111,1,62.4,2,1,1,211,"Others",62.4,"Low"
13381,15.2715277777778,6,4585.06,3,4,5,345,"Loyal Customers",27510.36,"High"
13382,64.4395833333333,4,1164.59,2,4,4,244,"At Risk",4658.36,"Medium"
13383,179.344444444444,1,305.28,0,1,2,12,"Others",305.28,"Low"
13384,26.2833333333333,4,2528.9,3,4,5,345,"Loyal Customers",10115.6,"High"
13386,50.2979166666667,2,835.46,2,2,3,223,"Others",1670.92,"Medium"
13387,53.2458333333333,1,186.94,2,1,1,211,"Others",186.94,"Low"
13388,239.404861111111,1,508.55,0,1,3,13,"Others",508.55,"Low"
13392,313.26875,1,91.14,0,1,1,11,"Others",91.14,"Low"
13393,219.435416666667,4,1131.45,0,4,4,44,"At Risk",4525.8,"Medium"
13394,15.0784722222222,11,4101.68,4,5,5,455,"Champions",45118.48,"Very High"
13395,36.2506944444444,2,872.51,2,2,3,223,"Others",1745.02,"Medium"
13397,73.2854166666667,5,1647.74,1,4,4,144,"At Risk",8238.7,"High"
13398,84.4354166666667,1,213,1,1,1,111,"Others",213,"Low"
13399,100.251388888889,3,275.4,1,3,2,132,"At Risk",826.2,"Low"
13400,218.459027777778,1,310.83,0,1,2,12,"Others",310.83,"Low"
13402,8.11736111111111,3,913.9,4,3,3,433,"Loyal Customers",2741.7,"Medium"
13403,23.3493055555556,2,154.5,3,2,1,321,"Others",309,"Low"
13405,117.272916666667,3,641.36,1,3,3,133,"At Risk",1924.08,"Medium"
13406,63.2201388888889,2,568.92,2,2,3,223,"Others",1137.84,"Medium"
13407,214.305555555556,3,2244.7,0,3,5,35,"At Risk",6734.1,"High"
13408,7.43194444444444,46,23616.422,4,5,5,455,"Champions",1086355.412,"Very High"
13410,29.1361111111111,4,1198.9,3,4,4,344,"Loyal Customers",4795.6,"Medium"
13412,256.147916666667,1,487.35,0,1,2,12,"Others",487.35,"Low"
13413,275.322222222222,6,429.44,0,4,2,42,"At Risk",2576.64,"Medium"
13414,99.1291666666667,3,1103.64,1,3,4,134,"At Risk",3310.92,"Medium"
13415,108.349305555556,4,784.17,1,4,3,143,"At Risk",3136.68,"Medium"
13416,372.290972222222,1,228.3,0,1,1,11,"Others",228.3,"Low"
13417,183.413888888889,4,1028.66,0,4,4,44,"At Risk",4114.64,"Medium"
13418,8.38541666666667,15,6055.47,4,5,5,455,"Champions",90832.05,"Very High"
13421,42.1138888888889,6,2225.04,2,4,5,245,"At Risk",13350.24,"High"
13423,64.4576388888889,1,217.03,2,1,1,211,"Others",217.03,"Low"
13424,85.3833333333333,1,572.77,1,1,3,113,"Others",572.77,"Low"
13425,144.295138888889,2,1766.22,1,2,4,124,"Others",3532.44,"Medium"
13426,18.3604166666667,12,4526.06,3,5,5,355,"Loyal Customers",54312.72,"Very High"
13427,113.344444444444,3,423.93,1,3,2,132,"At Risk",1271.79,"Medium"
13428,150.269444444444,2,276.76,1,2,2,122,"Others",553.52,"Low"
13431,42.2444444444444,6,2047.14,2,4,4,244,"At Risk",12282.84,"High"
13432,207.279861111111,2,439.1,0,2,2,22,"Others",878.2,"Low"
13433,137.129166666667,4,658.32,1,4,3,143,"At Risk",2633.28,"Medium"
13434,21.2027777777778,3,1132.62,3,3,4,334,"Loyal Customers",3397.86,"Medium"
13435,12.2569444444444,2,637.44,4,2,3,423,"Potential Loyalists",1274.88,"Medium"
13438,183.052083333333,1,46.5,0,1,1,11,"Others",46.5,"Low"
13439,24.1923611111111,2,702.9,3,2,3,323,"Others",1405.8,"Medium"
13440,59.2847222222222,7,1295.25,2,5,4,254,"At Risk",9066.75,"High"
13441,67.3909722222222,1,424.26,2,1,2,212,"Others",424.26,"Low"
13442,303.248611111111,3,419.87,0,3,2,32,"At Risk",1259.61,"Medium"
13443,84.3125,6,1273.16,1,4,4,144,"At Risk",7638.96,"High"
13444,10.2909722222222,2,619.08,4,2,3,423,"Potential Loyalists",1238.16,"Medium"
13445,262.185416666667,1,241.9,0,1,1,11,"Others",241.9,"Low"
13446,66.0486111111111,11,3881.89,2,5,5,255,"At Risk",42700.79,"Very High"
13448,9.38055555555556,9,5655.2,4,5,5,455,"Champions",50896.8,"Very High"
13450,10.2784722222222,7,2076.32,4,5,4,454,"Champions",14534.24,"High"
13451,17.2159722222222,6,4191.8,3,4,5,345,"Loyal Customers",25150.8,"High"
13452,108.422222222222,1,139.8,1,1,1,111,"Others",139.8,"Low"
13453,38.2763888888889,1,424.71,2,1,2,212,"Others",424.71,"Low"
13454,277.222916666667,1,219.87,0,1,1,11,"Others",219.87,"Low"
13455,2.28472222222222,5,1847.59,4,4,4,444,"Champions",9237.95,"High"
13457,324.467361111111,2,148.22,0,2,1,21,"Others",296.44,"Low"
13458,15.2076388888889,2,2312.7,4,2,5,425,"Potential Loyalists",4625.4,"Medium"
13459,260.400694444444,2,1160.41,0,2,4,24,"Others",2320.82,"Medium"
13461,43.0888888888889,3,2715,2,3,5,235,"At Risk",8145,"High"
13462,46.4173611111111,4,1002.35,2,4,4,244,"At Risk",4009.4,"Medium"
13464,30.3173611111111,5,2422.96,3,4,5,345,"Loyal Customers",12114.8,"High"
13465,82.2,2,931.12,1,2,3,123,"Others",1862.24,"Medium"
13466,44.2993055555556,4,705.45,2,4,3,243,"At Risk",2821.8,"Medium"
13468,4.26875,38,7670.54,4,5,5,455,"Champions",291480.52,"Very High"
13469,289.206944444444,1,82.4,0,1,1,11,"Others",82.4,"Low"
13472,99.4305555555556,2,592.24,1,2,3,123,"Others",1184.48,"Medium"
13473,210.384722222222,6,2235.12,0,4,5,45,"At Risk",13410.72,"High"
13474,79.4444444444444,2,419.75,1,2,2,122,"Others",839.5,"Low"
13476,42.4840277777778,3,823,2,3,3,233,"At Risk",2469,"Medium"
13477,91.4534722222222,5,1364.59,1,4,4,144,"At Risk",6822.95,"High"
13478,105.276388888889,5,2215.78,1,4,5,145,"At Risk",11078.9,"High"
13479,88.2722222222222,2,550.42,1,2,3,123,"Others",1100.84,"Medium"
13480,52.3388888888889,2,627.82,2,2,3,223,"Others",1255.64,"Medium"
13481,10.3951388888889,6,2026.28,4,4,4,444,"Champions",12157.68,"High"
13482,263.395833333333,1,151.45,0,1,1,11,"Others",151.45,"Low"
13484,19.2590277777778,2,476.92,3,2,2,322,"Others",953.84,"Low"
13485,12.3729166666667,10,2564.98,4,5,5,455,"Champions",25649.8,"High"
13487,141.388888888889,2,271.47,1,2,2,122,"Others",542.94,"Low"
13488,3.29166666666667,11,6619.57,4,5,5,455,"Champions",72815.27,"Very High"
13490,290.217361111111,1,154.25,0,1,1,11,"Others",154.25,"Low"
13491,8.22986111111111,18,3350.74,4,5,5,455,"Champions",60313.32,"Very High"
13495,4.19930555555556,6,3329.39,4,4,5,445,"Champions",19976.34,"High"
13497,4.35,5,972.28,4,4,3,443,"Loyal Customers",4861.4,"Medium"
13498,366.190972222222,1,327.38,0,1,2,12,"Others",327.38,"Low"
13500,37.28125,1,299.53,2,1,2,212,"Others",299.53,"Low"
13501,122.291666666667,2,1544.79,1,2,4,124,"Others",3089.58,"Medium"
13502,51.4069444444444,2,488.5,2,2,2,222,"Others",977,"Medium"
13503,115.280555555556,5,1642.39,1,4,4,144,"At Risk",8211.95,"High"
13506,5.32361111111111,4,1180.68,4,4,4,444,"Champions",4722.72,"Medium"
13508,278.335416666667,1,176.08,0,1,1,11,"Others",176.08,"Low"
13509,143.327083333333,1,135,1,1,1,111,"Others",135,"Low"
13510,11.3159722222222,7,2766.73,4,5,5,455,"Champions",19367.11,"High"
13511,312.327083333333,1,282.76,0,1,2,12,"Others",282.76,"Low"
13512,23.2125,3,462.18,3,3,2,332,"Loyal Customers",1386.54,"Medium"
13513,77.15,2,619.49,1,2,3,123,"Others",1238.98,"Medium"
13514,64.3270833333333,3,663.7,2,3,3,233,"At Risk",1991.1,"Medium"
13515,85.2041666666667,2,374.7,1,2,2,122,"Others",749.4,"Low"
13516,53.4645833333333,1,295.85,2,1,2,212,"Others",295.85,"Low"
13519,78.3444444444444,1,220.46,1,1,1,111,"Others",220.46,"Low"
13520,7.39236111111111,6,3285.05,4,4,5,445,"Champions",19710.3,"High"
13523,2.23541666666667,2,1136.64,4,2,4,424,"Potential Loyalists",2273.28,"Medium"
13526,374.283333333333,2,1182,0,2,4,24,"Others",2364,"Medium"
13527,54.2979166666667,5,2298.93,2,4,5,245,"At Risk",11494.65,"High"
13530,270.24375,1,402.98,0,1,2,12,"Others",402.98,"Low"
13531,2.20694444444444,5,1254.72,4,4,4,444,"Champions",6273.6,"High"
13534,15.1715277777778,10,1850.82,4,5,4,454,"Champions",18508.2,"High"
13535,38.3416666666667,1,89.5,2,1,1,211,"Others",89.5,"Low"
13537,61.3027777777778,2,717.85,2,2,3,223,"Others",1435.7,"Medium"
13538,32.2375,5,1822.28,3,4,4,344,"Loyal Customers",9111.4,"High"
13539,56.4486111111111,4,938.02,2,4,3,243,"At Risk",3752.08,"Medium"
13540,103.236805555556,3,632.39,1,3,3,133,"At Risk",1897.17,"Medium"
13541,63.1416666666667,2,785.25,2,2,3,223,"Others",1570.5,"Medium"
13542,12.3590277777778,17,3959.49,4,5,5,455,"Champions",67311.33,"Very High"
13543,270.26875,2,1439.61,0,2,4,24,"Others",2879.22,"Medium"
13544,47.3583333333333,4,514.14,2,4,3,243,"At Risk",2056.56,"Medium"
13545,26.3569444444444,2,364.93,3,2,2,322,"Others",729.86,"Low"
13546,18.1027777777778,2,465.15,3,2,2,322,"Others",930.3,"Low"
13547,44.2409722222222,1,167.08,2,1,1,211,"Others",167.08,"Low"
13548,107.261805555556,1,223.28,1,1,1,111,"Others",223.28,"Low"
13549,23.3222222222222,1,87.6,3,1,1,311,"Others",87.6,"Low"
13550,19.1923611111111,1,342.55,3,1,2,312,"Others",342.55,"Low"
13551,302.208333333333,1,152.4,0,1,1,11,"Others",152.4,"Low"
13552,64.3131944444444,10,3208.85,2,5,5,255,"At Risk",32088.5,"Very High"
13553,310.319444444444,1,499.6,0,1,3,13,"Others",499.6,"Low"
13554,16.2055555555556,7,1629.35,3,5,4,354,"Loyal Customers",11405.45,"High"
13555,14.3409722222222,9,4792.96,4,5,5,455,"Champions",43136.64,"Very High"
13556,65.1368055555556,2,200.82,2,2,1,221,"Others",401.64,"Low"
13557,51.2465277777778,11,2448.2,2,5,5,255,"At Risk",26930.2,"High"
13559,148.422916666667,2,990,1,2,4,124,"Others",1980,"Medium"
13561,33.23125,10,1661.54,3,5,4,354,"Loyal Customers",16615.4,"High"
13562,37.3875,5,3038.85,2,4,5,245,"At Risk",15194.25,"High"
13564,4.10763888888889,35,15310.35,4,5,5,455,"Champions",535862.25,"Very High"
13565,47.1736111111111,1,174.58,2,1,1,211,"Others",174.58,"Low"
13566,70.3152777777778,3,831.76,2,3,3,233,"At Risk",2495.28,"Medium"
13567,64.2986111111111,4,1079.29,2,4,4,244,"At Risk",4317.16,"Medium"
13569,3.31388888888889,3,497.74,4,3,2,432,"Loyal Customers",1493.22,"Medium"
13571,18.2861111111111,14,2448.32,3,5,5,355,"Loyal Customers",34276.48,"Very High"
13573,15.2083333333333,4,614.27,4,4,3,443,"Loyal Customers",2457.08,"Medium"
13574,47.2729166666667,1,404.45,2,1,2,212,"Others",404.45,"Low"
13576,9.10902777777778,11,4834.4,4,5,5,455,"Champions",53178.4,"Very High"
13577,18.4930555555556,7,1801.68,3,5,4,354,"Loyal Customers",12611.76,"High"
13578,45.2618055555556,1,147.66,2,1,1,211,"Others",147.66,"Low"
13579,5.16041666666667,4,1072,4,4,4,444,"Champions",4288,"Medium"
13580,42.2083333333333,1,107.75,2,1,1,211,"Others",107.75,"Low"
13581,50.1465277777778,1,162.53,2,1,1,211,"Others",162.53,"Low"
13582,25.3520833333333,2,241.68,3,2,1,321,"Others",483.36,"Low"
13583,315.255555555556,1,664.001,0,1,3,13,"Others",664.001,"Low"
13584,134.267361111111,2,243.3,1,2,1,121,"Others",486.6,"Low"
13585,166.311111111111,3,684.54,1,3,3,133,"At Risk",2053.62,"Medium"
13586,177.259722222222,1,127.28,0,1,1,11,"Others",127.28,"Low"
13587,85.25625,3,961.1,1,3,3,133,"At Risk",2883.3,"Medium"
13589,85.2722222222222,4,741.09,1,4,3,143,"At Risk",2964.36,"Medium"
13590,11.3479166666667,12,4354.12,4,5,5,455,"Champions",52249.44,"Very High"
13591,71.4597222222222,4,976.81,1,4,3,143,"At Risk",3907.24,"Medium"
13593,23.2847222222222,9,3481.41,3,5,5,355,"Loyal Customers",31332.69,"Very High"
13594,121.401388888889,1,136.35,1,1,1,111,"Others",136.35,"Low"
13595,152.309027777778,3,784.48,1,3,3,133,"At Risk",2353.44,"Medium"
13597,36.2131944444444,2,396.71,2,2,2,222,"Others",793.42,"Low"
13598,131.277777777778,4,601.92,1,4,3,143,"At Risk",2407.68,"Medium"
13599,2.40833333333333,14,5013.96,4,5,5,455,"Champions",70195.44,"Very High"
13600,270.114583333333,1,298.9,0,1,2,12,"Others",298.9,"Low"
13601,28.1951388888889,2,466.67,3,2,2,322,"Others",933.34,"Low"
13602,17.3243055555556,3,596.28,3,3,3,333,"Loyal Customers",1788.84,"Medium"
13604,294.332638888889,1,717.62,0,1,3,13,"Others",717.62,"Low"
13605,23.1145833333333,2,522.67,3,2,3,323,"Others",1045.34,"Medium"
13607,38.3423611111111,1,400.3,2,1,2,212,"Others",400.3,"Low"
13608,176.314583333333,1,232.05,0,1,1,11,"Others",232.05,"Low"
13609,229.274305555556,1,167.35,0,1,1,11,"Others",167.35,"Low"
13610,23.1875,7,1021.38,3,5,4,354,"Loyal Customers",7149.66,"High"
13611,10.1493055555556,7,2143.53,4,5,4,454,"Champions",15004.71,"High"
13612,268.324305555556,1,818.29,0,1,3,13,"Others",818.29,"Low"
13613,88.3333333333333,5,1039.85,1,4,4,144,"At Risk",5199.25,"Medium"
13614,29.3201388888889,2,747.28,3,2,3,323,"Others",1494.56,"Medium"
13615,35.2631944444444,7,5854.84,3,5,5,355,"Loyal Customers",40983.88,"Very High"
13616,204.293055555556,2,283.85,0,2,2,22,"Others",567.7,"Low"
13617,44.2506944444444,5,734.57,2,4,3,243,"At Risk",3672.85,"Medium"
13619,180.348611111111,2,224.94,0,2,1,21,"Others",449.88,"Low"
13620,164.207638888889,1,112.34,1,1,1,111,"Others",112.34,"Low"
13622,332.277083333333,1,658.95,0,1,3,13,"Others",658.95,"Low"
13623,16.2673611111111,5,1805.32,3,4,4,344,"Loyal Customers",9026.6,"High"
13624,24.2625,1,462.08,3,1,2,312,"Others",462.08,"Low"
13625,232.382638888889,1,301.26,0,1,2,12,"Others",301.26,"Low"
13626,15.1590277777778,1,449.81,4,1,2,412,"Potential Loyalists",449.81,"Low"
13627,124.228472222222,2,607.43,1,2,3,123,"Others",1214.86,"Medium"
13628,312.220138888889,1,310.14,0,1,2,12,"Others",310.14,"Low"
13629,49.4256944444444,8,5578.5,2,5,5,255,"At Risk",44628,"Very High"
13632,30.3319444444444,3,1526.88,3,3,4,334,"Loyal Customers",4580.64,"Medium"
13634,10.3361111111111,11,3486.41,4,5,5,455,"Champions",38350.51,"Very High"
13635,78.4131944444444,3,1928.13,1,3,4,134,"At Risk",5784.39,"High"
13639,72.4138888888889,1,312.93,1,1,2,112,"Others",312.93,"Low"
13640,247.186111111111,1,405,0,1,2,12,"Others",405,"Low"
13641,276.516666666667,5,1016.47,0,4,4,44,"At Risk",5082.35,"Medium"
13642,68.3111111111111,3,159.92,2,3,1,231,"At Risk",479.76,"Low"
13643,18.1958333333333,7,1637.33,3,5,4,354,"Loyal Customers",11461.31,"High"
13646,35.325,2,326.25,3,2,2,322,"Others",652.5,"Low"
13647,130.395833333333,4,1393.56,1,4,4,144,"At Risk",5574.24,"High"
13648,36.21875,8,1764.02,2,5,4,254,"At Risk",14112.16,"High"
13649,2.21875,5,1304.88,4,4,4,444,"Champions",6524.4,"High"
13650,10.2541666666667,4,1451.66,4,4,4,444,"Champions",5806.64,"High"
13651,17.4284722222222,1,132.65,3,1,1,311,"Others",132.65,"Low"
13652,4.44444444444444,3,1475.77,4,3,4,434,"Loyal Customers",4427.31,"Medium"
13653,123.4875,1,152.2,1,1,1,111,"Others",152.2,"Low"
13654,16.1388888888889,5,3600.67,3,4,5,345,"Loyal Customers",18003.35,"High"
13655,10.4840277777778,4,1347.54,4,4,4,444,"Champions",5390.16,"Medium"
13656,135.384027777778,2,699.2,1,2,3,123,"Others",1398.4,"Medium"
13658,19.1604166666667,4,3386.33,3,4,5,345,"Loyal Customers",13545.32,"High"
13659,52.2444444444444,10,3321.68,2,5,5,255,"At Risk",33216.8,"Very High"
13660,36.1604166666667,1,306.64,3,1,2,312,"Others",306.64,"Low"
13661,239.210416666667,1,325.24,0,1,2,12,"Others",325.24,"Low"
13662,21.3770833333333,8,1352.35,3,5,4,354,"Loyal Customers",10818.8,"High"
13663,16.2541666666667,4,1858.04,3,4,4,344,"Loyal Customers",7432.16,"High"
13665,22.2881944444444,3,1711.66,3,3,4,334,"Loyal Customers",5134.98,"Medium"
13666,56.1770833333333,2,43.25,2,2,1,221,"Others",86.5,"Low"
13668,19.3395833333333,14,6638.65,3,5,5,355,"Loyal Customers",92941.1,"Very High"
13669,43.2055555555556,1,195,2,1,1,211,"Others",195,"Low"
13671,30.3826388888889,1,172.6,3,1,1,311,"Others",172.6,"Low"
13672,366.347916666667,1,233.53,0,1,1,11,"Others",233.53,"Low"
13674,68.3888888888889,1,240.68,2,1,1,211,"Others",240.68,"Low"
13676,175.104861111111,2,243.9,1,2,1,121,"Others",487.8,"Low"
13677,40.3534722222222,2,551.24,2,2,3,223,"Others",1102.48,"Medium"
13679,129.325,3,281.26,1,3,2,132,"At Risk",843.78,"Low"
13680,107.288888888889,8,7700.55,1,5,5,155,"At Risk",61604.4,"Very High"
13683,93.4173611111111,1,258.6,1,1,2,112,"Others",258.6,"Low"
13684,26.3520833333333,3,529.75,3,3,3,333,"Loyal Customers",1589.25,"Medium"
13686,16.2201388888889,2,337.04,3,2,2,322,"Others",674.08,"Low"
13687,74.1465277777778,1,11880.84,1,1,5,115,"Others",11880.84,"High"
13688,271.243055555556,1,375.5,0,1,2,12,"Others",375.5,"Low"
13689,80.3986111111111,1,349.5,1,1,2,112,"Others",349.5,"Low"
13691,32.1020833333333,1,212.78,3,1,1,311,"Others",212.78,"Low"
13692,44.4194444444444,2,1626.08,2,2,4,224,"Others",3252.16,"Medium"
13693,10.0694444444444,9,2011.82,4,5,4,454,"Champions",18106.38,"High"
13694,9.32569444444444,94,131443.19,4,5,5,455,"Champions",12355659.86,"Very High"
13695,213.370833333333,1,266.6,0,1,2,12,"Others",266.6,"Low"
13696,57.4284722222222,3,2020.4,2,3,4,234,"At Risk",6061.2,"High"
13698,232.339583333333,2,451.73,0,2,2,22,"Others",903.46,"Low"
13699,186.290277777778,1,455.57,0,1,2,12,"Others",455.57,"Low"
13700,53.3493055555556,3,348.34,2,3,2,232,"At Risk",1045.02,"Medium"
13701,82.3069444444444,1,161,1,1,1,111,"Others",161,"Low"
13702,81.3479166666667,1,135.18,1,1,1,111,"Others",135.18,"Low"
13703,51.2847222222222,1,326.06,2,1,2,212,"Others",326.06,"Low"
13705,9.39722222222222,5,1323.47,4,4,4,444,"Champions",6617.35,"High"
13706,262.446527777778,1,300.38,0,1,2,12,"Others",300.38,"Low"
13707,65.4138888888889,3,2559.45,2,3,5,235,"At Risk",7678.35,"High"
13709,82.1972222222222,5,1263.7,1,4,4,144,"At Risk",6318.5,"High"
13710,59.4020833333333,2,329.04,2,2,2,222,"Others",658.08,"Low"
13711,42.2055555555556,7,1540.2,2,5,4,254,"At Risk",10781.4,"High"
13712,246.364583333333,1,537.58,0,1,3,13,"Others",537.58,"Low"
13713,44.1548611111111,3,740.76,2,3,3,233,"At Risk",2222.28,"Medium"
13714,101.252777777778,1,161.35,1,1,1,111,"Others",161.35,"Low"
13715,8.46458333333333,13,7348.3,4,5,5,455,"Champions",95527.9,"Very High"
13717,93.1555555555556,2,318.29,1,2,2,122,"Others",636.58,"Low"
13719,29.30625,6,1741.4,3,4,4,344,"Loyal Customers",10448.4,"High"
13721,31.0847222222222,1,217.4,3,1,1,311,"Others",217.4,"Low"
13722,56.4048611111111,7,3260,2,5,5,255,"At Risk",22820,"High"
13723,28.1263888888889,5,994.23,3,4,4,344,"Loyal Customers",4971.15,"Medium"
13724,273.189583333333,1,213.01,0,1,1,11,"Others",213.01,"Low"
13727,247.324305555556,6,740.67,0,4,3,43,"At Risk",4444.02,"Medium"
13728,23.2576388888889,10,1839.03,3,5,4,354,"Loyal Customers",18390.3,"High"
13729,71.3868055555556,3,724.73,1,3,3,133,"At Risk",2174.19,"Medium"
13733,46.3215277777778,2,487.03,2,2,2,222,"Others",974.06,"Medium"
13734,144.33125,4,6695.69,1,4,5,145,"At Risk",26782.76,"High"
13735,12.2625,9,6879.23,4,5,5,455,"Champions",61913.07,"Very High"
13736,61.3472222222222,5,2022.67,2,4,4,244,"At Risk",10113.35,"High"
13738,32.1930555555556,1,434.78,3,1,2,312,"Others",434.78,"Low"
13739,163.4,1,75.3,1,1,1,111,"Others",75.3,"Low"
13740,51.2715277777778,4,1232.02,2,4,4,244,"At Risk",4928.08,"Medium"
13745,182.1125,1,477.32,0,1,2,12,"Others",477.32,"Low"
13746,49.3375,1,176.69,2,1,1,211,"Others",176.69,"Low"
13747,9.39166666666667,2,169.8,4,2,1,421,"Potential Loyalists",339.6,"Low"
13748,9.45902777777778,5,1320.1,4,4,4,444,"Champions",6600.5,"High"
13750,16.3708333333333,6,1954.92,3,4,4,344,"Loyal Customers",11729.52,"High"
13752,163.401388888889,1,404.45,1,1,2,112,"Others",404.45,"Low"
13753,234.245138888889,3,1353.31,0,3,4,34,"At Risk",4059.93,"Medium"
13754,73.1888888888889,1,164.45,1,1,1,111,"Others",164.45,"Low"
13756,3.34722222222222,10,3999.23,4,5,5,455,"Champions",39992.3,"Very High"
13757,310.308333333333,1,195.55,0,1,1,11,"Others",195.55,"Low"
13758,2.18194444444444,10,6226.43,4,5,5,455,"Champions",62264.3,"Very High"
13760,40.1965277777778,3,1076.85,2,3,4,234,"At Risk",3230.55,"Medium"
13761,138.299305555556,4,881.52,1,4,3,143,"At Risk",3526.08,"Medium"
13762,229.173611111111,4,2165.76,0,4,5,45,"At Risk",8663.04,"High"
13763,53.275,2,3502.48,2,2,5,225,"Others",7004.96,"High"
13764,205.176388888889,3,1400.2,0,3,4,34,"At Risk",4200.6,"Medium"
13765,289.260416666667,1,352.821,0,1,2,12,"Others",352.821,"Low"
13766,131.233333333333,1,190.35,1,1,1,111,"Others",190.35,"Low"
13767,5.27222222222222,39,18320.17,4,5,5,455,"Champions",714486.63,"Very High"
13768,362.388888888889,2,875.97,0,2,3,23,"Others",1751.94,"Medium"
13769,3.27291666666667,11,3003.91,4,5,5,455,"Champions",33043.01,"Very High"
13770,58.2020833333333,4,785.37,2,4,3,243,"At Risk",3141.48,"Medium"
13771,169.263194444444,5,3094.37,1,4,5,145,"At Risk",15471.85,"High"
13772,36.2826388888889,5,1977.39,2,4,4,244,"At Risk",9886.95,"High"
13773,32.3416666666667,2,301.54,3,2,2,322,"Others",603.08,"Low"
13775,226.323611111111,1,1049.66,0,1,4,14,"Others",1049.66,"Medium"
13776,64.1597222222222,2,623.98,2,2,3,223,"Others",1247.96,"Medium"
13777,2.18472222222222,37,30501.26,4,5,5,455,"Champions",1128546.62,"Very High"
13778,127.214583333333,3,945.79,1,3,3,133,"At Risk",2837.37,"Medium"
13779,151.359027777778,1,161.13,1,1,1,111,"Others",161.13,"Low"
13780,43.0069444444444,1,372.06,2,1,2,212,"Others",372.06,"Low"
13781,228.229861111111,2,650.99,0,2,3,23,"Others",1301.98,"Medium"
13782,89.3895833333333,7,877.22,1,5,3,153,"At Risk",6140.54,"High"
13783,123.443055555556,4,1542.09,1,4,4,144,"At Risk",6168.36,"High"
13784,70.4875,3,447.44,2,3,2,232,"At Risk",1342.32,"Medium"
13785,64.4416666666667,4,542.49,2,4,3,243,"At Risk",2169.96,"Medium"
13786,3.25555555555556,6,3127.99,4,4,5,445,"Champions",18767.94,"High"
13787,94.3375,4,913.46,1,4,3,143,"At Risk",3653.84,"Medium"
13788,141.174305555556,1,3.75,1,1,1,111,"Others",3.75,"Low"
13789,24.1875,1,239.46,3,1,1,311,"Others",239.46,"Low"
13792,58.3722222222222,1,188.4,2,1,1,211,"Others",188.4,"Low"
13793,282.483333333333,1,96,0,1,1,11,"Others",96,"Low"
13794,182.313194444444,1,126.03,0,1,1,11,"Others",126.03,"Low"
13795,24.1083333333333,4,836.3,3,4,3,343,"Loyal Customers",3345.2,"Medium"
13796,135.219444444444,1,289.7,1,1,2,112,"Others",289.7,"Low"
13797,72.39375,3,1179.45,1,3,4,134,"At Risk",3538.35,"Medium"
13798,8.10902777777778,54,38683.02,4,5,5,455,"Champions",2088883.08,"Very High"
13799,80.3326388888889,7,2114.71,1,5,4,154,"At Risk",14802.97,"High"
13800,66.2375,2,1121.24,2,2,4,224,"Others",2242.48,"Medium"
13802,10.3145833333333,16,21659.69,4,5,5,455,"Champions",346555.04,"Very High"
13803,67.38125,2,1061.84,2,2,4,224,"Others",2123.68,"Medium"
13804,71.1534722222222,2,572.73,1,2,3,123,"Others",1145.46,"Medium"
13807,3.17569444444444,3,422.2,4,3,2,432,"Loyal Customers",1266.6,"Medium"
13809,30.4347222222222,2,524.65,3,2,3,323,"Others",1049.3,"Medium"
13813,163.465972222222,4,1398.61,1,4,4,144,"At Risk",5594.44,"High"
13814,163.242361111111,1,678.2,1,1,3,113,"Others",678.2,"Low"
13815,42.3465277777778,4,3448.38,2,4,5,245,"At Risk",13793.52,"High"
13818,65.3097222222222,1,61.28,2,1,1,211,"Others",61.28,"Low"
13819,305.188194444444,3,1502,0,3,4,34,"At Risk",4506,"Medium"
13820,54.2604166666667,3,652.75,2,3,3,233,"At Risk",1958.25,"Medium"
13821,29.2756944444444,4,993.44,3,4,4,344,"Loyal Customers",3973.76,"Medium"
13823,16.2701388888889,5,2445.79,3,4,5,345,"Loyal Customers",12228.95,"High"
13824,15.1027777777778,7,1615.82,4,5,4,454,"Champions",11310.74,"High"
13825,257.374305555556,2,255.59,0,2,2,22,"Others",511.18,"Low"
13829,57.0708333333333,1,102,2,1,1,211,"Others",102,"Low"
13830,217.317361111111,1,156.85,0,1,1,11,"Others",156.85,"Low"
13831,5.325,13,4795.09,4,5,5,455,"Champions",62336.17,"Very High"
13832,58.2222222222222,1,557.69,2,1,3,213,"Others",557.69,"Low"
13833,40.2430555555556,1,316.56,2,1,2,212,"Others",316.56,"Low"
13834,212.398611111111,2,324.19,0,2,2,22,"Others",648.38,"Low"
13835,155.340972222222,3,260.7,1,3,2,132,"At Risk",782.1,"Low"
13836,35.2708333333333,2,620.37,3,2,3,323,"Others",1240.74,"Medium"
13838,5.38611111111111,7,1245.91,4,5,4,454,"Champions",8721.37,"High"
13839,122.25625,1,139.95,1,1,1,111,"Others",139.95,"Low"
13840,52.26875,1,651.4,2,1,3,213,"Others",651.4,"Low"
13842,2.39027777777778,10,2244.29,4,5,5,455,"Champions",22442.9,"High"
13843,17.0923611111111,1,319.75,3,1,2,312,"Others",319.75,"Low"
13846,35.4263888888889,1,442.73,3,1,2,312,"Others",442.73,"Low"
13847,355.388888888889,1,310.72,0,1,2,12,"Others",310.72,"Low"
13848,2.20208333333333,6,2080,4,4,4,444,"Champions",12480,"High"
13849,33.325,3,1931.35,3,3,4,334,"Loyal Customers",5794.05,"High"
13851,15.3520833333333,5,1955,3,4,4,344,"Loyal Customers",9775,"High"
13852,246.454861111111,1,187.35,0,1,1,11,"Others",187.35,"Low"
13854,1.38402777777778,15,4144.44,4,5,5,455,"Champions",62166.6,"Very High"
13855,136.422222222222,4,1310.34,1,4,4,144,"At Risk",5241.36,"Medium"
13856,99.0673611111111,8,753.53,1,5,3,153,"At Risk",6028.24,"High"
13857,29.2965277777778,6,1001.01,3,4,4,344,"Loyal Customers",6006.06,"High"
13859,165.184027777778,1,314.7,1,1,2,112,"Others",314.7,"Low"
13861,65.2368055555555,2,273.26,2,2,2,222,"Others",546.52,"Low"
13862,25.2625,1,346.73,3,1,2,312,"Others",346.73,"Low"
13863,101.294444444444,3,933.77,1,3,3,133,"At Risk",2801.31,"Medium"
13864,22.2993055555556,1,662.4,3,1,3,313,"Others",662.4,"Low"
13869,17.2673611111111,6,4913.22,3,4,5,345,"Loyal Customers",29479.32,"High"
13870,23.1763888888889,7,2941.14,3,5,5,355,"Loyal Customers",20587.98,"High"
13871,64.2951388888889,4,1482.6,2,4,4,244,"At Risk",5930.4,"High"
13872,163.184722222222,3,919.57,1,3,3,133,"At Risk",2758.71,"Medium"
13873,19.3430555555556,5,649.32,3,4,3,343,"Loyal Customers",3246.6,"Medium"
13874,140.293055555556,6,1508.7,1,4,4,144,"At Risk",9052.2,"High"
13875,23.2840277777778,9,3027.58,3,5,5,355,"Loyal Customers",27248.22,"High"
13877,106.1125,2,332.44,1,2,2,122,"Others",664.88,"Low"
13878,183.406944444444,3,1145.33,0,3,4,34,"At Risk",3435.99,"Medium"
13879,281.383333333333,1,395.5,0,1,2,12,"Others",395.5,"Low"
13880,3.25069444444444,5,1171.89,4,4,4,444,"Champions",5859.45,"High"
13881,11.1506944444444,23,28019.58,4,5,5,455,"Champions",644450.34,"Very High"
13883,39.2194444444444,10,3885.54,2,5,5,255,"At Risk",38855.4,"Very High"
13884,12.3444444444444,5,1037.43,4,4,4,444,"Champions",5187.15,"Medium"
13888,40.3694444444444,5,1405.92,2,4,4,244,"At Risk",7029.6,"High"
13889,18.275,5,1574.33,3,4,4,344,"Loyal Customers",7871.65,"High"
13890,10.3020833333333,4,1043.57,4,4,4,444,"Champions",4174.28,"Medium"
13891,14.1694444444444,3,859.21,4,3,3,433,"Loyal Customers",2577.63,"Medium"
13892,113.454166666667,2,634.68,1,2,3,123,"Others",1269.36,"Medium"
13895,151.385416666667,2,1415.45,1,2,4,124,"Others",2830.9,"Medium"
13896,261.4625,1,388.55,0,1,2,12,"Others",388.55,"Low"
13897,74.2673611111111,2,849.56,1,2,3,123,"Others",1699.12,"Medium"
13898,47.1798611111111,1,530.47,2,1,3,213,"Others",530.47,"Low"
13900,25.2173611111111,3,869.64,3,3,3,333,"Loyal Customers",2608.92,"Medium"
13901,10.1944444444444,10,2809.14,4,5,5,455,"Champions",28091.4,"High"
13902,268.286111111111,5,34095.26,0,4,5,45,"At Risk",170476.3,"Very High"
13903,36.0951388888889,1,165.45,3,1,1,311,"Others",165.45,"Low"
13905,368.347222222222,1,312.65,0,1,2,12,"Others",312.65,"Low"
13906,45.2090277777778,1,42,2,1,1,211,"Others",42,"Low"
13907,327.31875,1,136.8,0,1,1,11,"Others",136.8,"Low"
13909,59.1104166666667,2,282.85,2,2,2,222,"Others",565.7,"Low"
13911,15.15625,11,1654.08,4,5,4,454,"Champions",18194.88,"High"
13912,59.4708333333333,1,124.95,2,1,1,211,"Others",124.95,"Low"
13913,142.409722222222,1,42.22,1,1,1,111,"Others",42.22,"Low"
13915,30.1972222222222,1,70.8,3,1,1,311,"Others",70.8,"Low"
13916,99.4145833333333,4,1275.81,1,4,4,144,"At Risk",5103.24,"Medium"
13919,60.3388888888889,2,975.87,2,2,3,223,"Others",1951.74,"Medium"
13920,67.3083333333333,4,1774.68,2,4,4,244,"At Risk",7098.72,"High"
13921,38.1451388888889,4,730.7,2,4,3,243,"At Risk",2922.8,"Medium"
13922,73.1076388888889,2,692.95,1,2,3,123,"Others",1385.9,"Medium"
13927,73.1590277777778,1,359.27,1,1,2,112,"Others",359.27,"Low"
13929,52.4243055555556,9,2651.45,2,5,5,255,"At Risk",23863.05,"High"
13931,28.3256944444444,9,4019.85,3,5,5,355,"Loyal Customers",36178.65,"Very High"
13935,232.361111111111,3,6116.92,0,3,5,35,"At Risk",18350.76,"High"
13936,18.39375,2,563.08,3,2,3,323,"Others",1126.16,"Medium"
13937,38.3083333333333,1,721.28,2,1,3,213,"Others",721.28,"Low"
13939,67.2263888888889,4,992.41,2,4,4,244,"At Risk",3969.64,"Medium"
13941,8.40555555555556,11,6009.34,4,5,5,455,"Champions",66102.74,"Very High"
13942,170.309722222222,1,320,1,1,2,112,"Others",320,"Low"
13943,213.354861111111,1,246.54,0,1,1,11,"Others",246.54,"Low"
13944,289.207638888889,1,200.43,0,1,1,11,"Others",200.43,"Low"
13945,30.4173611111111,2,854.15,3,2,3,323,"Others",1708.3,"Medium"
13946,12.1527777777778,3,1314.66,4,3,4,434,"Loyal Customers",3943.98,"Medium"
13948,47.2604166666667,3,446.76,2,3,2,232,"At Risk",1340.28,"Medium"
13952,16.2305555555556,12,9572.45,3,5,5,355,"Loyal Customers",114869.4,"Very High"
13953,45.1979166666667,5,3125,2,4,5,245,"At Risk",15625,"High"
13955,11.1013888888889,1,221.11,4,1,1,411,"Potential Loyalists",221.11,"Low"
13957,53.4159722222222,3,458.25,2,3,2,232,"At Risk",1374.75,"Medium"
13958,15.4097222222222,8,4709.23,3,5,5,355,"Loyal Customers",37673.84,"Very High"
13959,35.13125,3,470.73,3,3,2,332,"Loyal Customers",1412.19,"Medium"
13961,28.2229166666667,1,538.4,3,1,3,313,"Others",538.4,"Low"
13962,71.3930555555555,1,193.25,1,1,1,111,"Others",193.25,"Low"
13963,3.44444444444444,14,2347.33,4,5,5,455,"Champions",32862.62,"Very High"
13964,23.2555555555556,2,438.9,3,2,2,322,"Others",877.8,"Low"
13965,112.389583333333,3,996.61,1,3,4,134,"At Risk",2989.83,"Medium"
13966,71.2868055555556,1,384.26,1,1,2,112,"Others",384.26,"Low"
13967,32.2756944444444,1,85.6,3,1,1,311,"Others",85.6,"Low"
13968,59.2770833333333,1,123.66,2,1,1,211,"Others",123.66,"Low"
13969,1.02013888888889,18,4266.88,4,5,5,455,"Champions",76803.84,"Very High"
13970,22.2777777777778,2,846.55,3,2,3,323,"Others",1693.1,"Medium"
13971,59.4652777777778,6,1909.31,2,4,4,244,"At Risk",11455.86,"High"
13974,218.0875,1,264.13,0,1,2,12,"Others",264.13,"Low"
13975,29.1548611111111,6,2795.16,3,4,5,345,"Loyal Customers",16770.96,"High"
13976,142.440277777778,3,834.38,1,3,3,133,"At Risk",2503.14,"Medium"
13977,47.2451388888889,1,519.81,2,1,3,213,"Others",519.81,"Low"
13979,29.24375,6,2510.06,3,4,5,345,"Loyal Customers",15060.36,"High"
13980,75.29375,4,568.68,1,4,3,143,"At Risk",2274.72,"Medium"
13981,51.4152777777778,1,331.14,2,1,2,212,"Others",331.14,"Low"
13982,1.25277777777778,6,2511.08,4,4,5,445,"Champions",15066.48,"High"
13983,2.39097222222222,10,4479.82,4,5,5,455,"Champions",44798.2,"Very High"
13984,2.16875,8,1128.09,4,5,4,454,"Champions",9024.72,"High"
13985,10.4604166666667,7,2960.73,4,5,5,455,"Champions",20725.11,"High"
13987,15.4034722222222,2,682.54,3,2,3,323,"Others",1365.08,"Medium"
13988,19.30625,2,609.84,3,2,3,323,"Others",1219.68,"Medium"
13989,100.252083333333,3,759.98,1,3,3,133,"At Risk",2279.94,"Medium"
13992,16.1798611111111,2,142.7,3,2,1,321,"Others",285.4,"Low"
13993,15.3736111111111,10,3309.35,3,5,5,355,"Loyal Customers",33093.5,"Very High"
13995,15.1458333333333,9,2508.32,4,5,5,455,"Champions",22574.88,"High"
13996,22.1486111111111,2,895.76,3,2,3,323,"Others",1791.52,"Medium"
13997,155.079861111111,3,376.46,1,3,2,132,"At Risk",1129.38,"Medium"
13998,82.4034722222222,3,566.7,1,3,3,133,"At Risk",1700.1,"Medium"
13999,10.4270833333333,17,5600.45,4,5,5,455,"Champions",95207.65,"Very High"
14000,50.1847222222222,4,1410.68,2,4,4,244,"At Risk",5642.72,"High"
14001,9.29375,7,2487.01,4,5,5,455,"Champions",17409.07,"High"
14003,368.463888888889,1,209.41,0,1,1,11,"Others",209.41,"Low"
14004,29.2743055555556,4,1675.81,3,4,4,344,"Loyal Customers",6703.24,"High"
14006,164.304166666667,4,1234.48,1,4,4,144,"At Risk",4937.92,"Medium"
14007,148.454861111111,1,79.48,1,1,1,111,"Others",79.48,"Low"
14008,68.2861111111111,1,509.04,2,1,3,213,"Others",509.04,"Low"
14009,98.3284722222222,1,404.3,1,1,2,112,"Others",404.3,"Low"
14010,201.292361111111,2,445.15,0,2,2,22,"Others",890.3,"Low"
14011,116.1875,2,457.82,1,2,2,122,"Others",915.64,"Low"
14013,16.15625,2,611.55,3,2,3,323,"Others",1223.1,"Medium"
14014,12.2118055555556,2,1443.03,4,2,4,424,"Potential Loyalists",2886.06,"Medium"
14016,32.1798611111111,7,7062.2,3,5,5,355,"Loyal Customers",49435.4,"Very High"
14017,207.214583333333,1,229.75,0,1,1,11,"Others",229.75,"Low"
14018,281.234722222222,1,367.15,0,1,2,12,"Others",367.15,"Low"
14020,112.286111111111,2,606.21,1,2,3,123,"Others",1212.42,"Medium"
14021,10.1993055555556,4,1084.68,4,4,4,444,"Champions",4338.72,"Medium"
14022,122.432638888889,1,352.15,1,1,2,112,"Others",352.15,"Low"
14024,26.3819444444444,1,318.04,3,1,2,312,"Others",318.04,"Low"
14025,100.409722222222,8,4057.9,1,5,5,155,"At Risk",32463.2,"Very High"
14026,106.395833333333,2,713.11,1,2,3,123,"Others",1426.22,"Medium"
14028,186.269444444444,3,10396.5,0,3,5,35,"At Risk",31189.5,"Very High"
14030,2.14722222222222,14,5839.46,4,5,5,455,"Champions",81752.44,"Very High"
14031,1.10208333333333,27,23632.72,4,5,5,455,"Champions",638083.44,"Very High"
14032,2.38055555555556,6,1874.68,4,4,4,444,"Champions",11248.08,"High"
14033,191.202083333333,1,109.44,0,1,1,11,"Others",109.44,"Low"
14035,42.4104166666667,4,1366.73,2,4,4,244,"At Risk",5466.92,"Medium"
14037,114.297916666667,4,689.75,1,4,3,143,"At Risk",2759,"Medium"
14038,33.2145833333333,2,1509.5,3,2,4,324,"Others",3019,"Medium"
14039,211.406944444444,1,115.08,0,1,1,11,"Others",115.08,"Low"
14040,22.2916666666667,23,8963.49,3,5,5,355,"Loyal Customers",206160.27,"Very High"
14042,361.204166666667,1,431.98,0,1,2,12,"Others",431.98,"Low"
14043,127.071527777778,2,302.6,1,2,2,122,"Others",605.2,"Low"
14044,54.2729166666667,6,2431.28,2,4,5,245,"At Risk",14587.68,"High"
14045,9.35347222222222,13,9653.28,4,5,5,455,"Champions",125492.64,"Very High"
14047,8.41111111111111,10,2946.42,4,5,5,455,"Champions",29464.2,"High"
14048,18.2361111111111,2,338.76,3,2,2,322,"Others",677.52,"Low"
14049,23.3868055555556,9,7444.68,3,5,5,355,"Loyal Customers",67002.12,"Very High"
14051,2.3,15,6784.01,4,5,5,455,"Champions",101760.15,"Very High"
14052,26.35,1,241.3,3,1,1,311,"Others",241.3,"Low"
14053,33.2159722222222,2,312.05,3,2,2,322,"Others",624.1,"Low"
14055,213.400694444444,2,795.32,0,2,3,23,"Others",1590.64,"Medium"
14057,17.4743055555556,5,2135,3,4,4,344,"Loyal Customers",10675,"High"
14058,98.4375,2,469.19,1,2,2,122,"Others",938.38,"Low"
14060,2.30625,13,3378.66,4,5,5,455,"Champions",43922.58,"Very High"
14061,143.110416666667,3,917.43,1,3,3,133,"At Risk",2752.29,"Medium"
14062,10.3756944444444,12,15120.8,4,5,5,455,"Champions",181449.6,"Very High"
14063,74.1548611111111,9,22710.2,1,5,5,155,"At Risk",204391.8,"Very High"
14064,66.2784722222222,10,1925.9,2,5,4,254,"At Risk",19259,"High"
14065,25.1583333333333,3,891.02,3,3,3,333,"Loyal Customers",2673.06,"Medium"
14068,239.23125,3,1250.87,0,3,4,34,"At Risk",3752.61,"Medium"
14069,150.325694444444,2,225.81,1,2,1,121,"Others",451.62,"Low"
14070,320.315277777778,1,321.6,0,1,2,12,"Others",321.6,"Low"
14072,302.3125,1,390.85,0,1,2,12,"Others",390.85,"Low"
14074,259.254166666667,1,219.4,0,1,1,11,"Others",219.4,"Low"
14075,39.2819444444444,3,792.61,2,3,3,233,"At Risk",2377.83,"Medium"
14077,31.1666666666667,1,115.66,3,1,1,311,"Others",115.66,"Low"
14078,9.29652777777778,4,640.34,4,4,3,443,"Loyal Customers",2561.36,"Medium"
14079,318.1125,1,243.63,0,1,1,11,"Others",243.63,"Low"
14080,49.2479166666667,4,1070.08,2,4,4,244,"At Risk",4280.32,"Medium"
14081,5.17638888888889,9,4369.47,4,5,5,455,"Champions",39325.23,"Very High"
14082,28.3430555555556,1,231.11,3,1,1,311,"Others",231.11,"Low"
14083,7.31736111111111,3,373.3,4,3,2,432,"Loyal Customers",1119.9,"Medium"
14084,148.225694444444,1,150.5,1,1,1,111,"Others",150.5,"Low"
14085,4.30694444444444,16,5607.43,4,5,5,455,"Champions",89718.88,"Very High"
14086,98.38125,1,39.95,1,1,1,111,"Others",39.95,"Low"
14087,40.3604166666667,2,638,2,2,3,223,"Others",1276,"Medium"
14088,42.3958333333333,3,13544.99,2,3,5,235,"At Risk",40634.97,"Very High"
14091,290.197222222222,2,9530.08,0,2,5,25,"Others",19060.16,"High"
14092,10.2173611111111,10,3152.54,4,5,5,455,"Champions",31525.4,"Very High"
14094,75.3354166666667,1,311.77,1,1,2,112,"Others",311.77,"Low"
14095,358.3,1,2.95,0,1,1,11,"Others",2.95,"Low"
14097,117.236805555556,2,422.86,1,2,2,122,"Others",845.72,"Low"
14099,11.2902777777778,9,2646.74,4,5,5,455,"Champions",23820.66,"High"
14101,24.2131944444444,7,3985.14,3,5,5,355,"Loyal Customers",27895.98,"High"
14104,25.2833333333333,3,527.32,3,3,3,333,"Loyal Customers",1581.96,"Medium"
14105,44.3388888888889,4,4722.6,2,4,5,245,"At Risk",18890.4,"High"
14106,373.244444444444,1,214.8,0,1,1,11,"Others",214.8,"Low"
14107,84.3166666666667,4,2174.07,1,4,5,145,"At Risk",8696.28,"High"
14108,367.191666666667,2,447.05,0,2,2,22,"Others",894.1,"Low"
14110,71.1166666666667,21,7304.8,1,5,5,155,"At Risk",153400.8,"Very High"
14112,87.2638888888889,6,2919.44,1,4,5,145,"At Risk",17516.64,"High"
14113,11.1722222222222,12,5252.19,4,5,5,455,"Champions",63026.28,"Very High"
14114,31.45,5,977.56,3,4,3,343,"Loyal Customers",4887.8,"Medium"
14115,137.309027777778,2,622.67,1,2,3,123,"Others",1245.34,"Medium"
14118,64.3347222222222,1,458.45,2,1,2,212,"Others",458.45,"Low"
14119,11.3944444444444,2,183.37,4,2,1,421,"Potential Loyalists",366.74,"Low"
14122,42.2013888888889,3,362.42,2,3,2,232,"At Risk",1087.26,"Medium"
14123,369.184722222222,1,436.18,0,1,2,12,"Others",436.18,"Low"
14126,80.2152777777778,1,466.33,1,1,2,112,"Others",466.33,"Low"
14127,16.1284722222222,3,1190.37,3,3,4,334,"Loyal Customers",3571.11,"Medium"
14128,187.247222222222,1,286.71,0,1,2,12,"Others",286.71,"Low"
14129,35.4180555555556,4,1467.48,3,4,4,344,"Loyal Customers",5869.92,"High"
14130,11.1180555555556,3,1377.86,4,3,4,434,"Loyal Customers",4133.58,"Medium"
14131,284.334722222222,1,168.22,0,1,1,11,"Others",168.22,"Low"
14133,369.327083333333,1,305.5,0,1,2,12,"Others",305.5,"Low"
14134,18.3159722222222,15,11123.35,3,5,5,355,"Loyal Customers",166850.25,"Very High"
14135,3.30833333333333,11,4953.61,4,5,5,455,"Champions",54489.71,"Very High"
14136,36.3388888888889,5,1570.81,2,4,4,244,"At Risk",7854.05,"High"
14137,331.313194444444,1,332.7,0,1,2,12,"Others",332.7,"Low"
14139,126.250694444444,3,670.98,1,3,3,133,"At Risk",2012.94,"Medium"
14142,9.14444444444444,2,671.34,4,2,3,423,"Potential Loyalists",1342.68,"Medium"
14144,122.197222222222,1,30.6,1,1,1,111,"Others",30.6,"Low"
14145,95.4222222222222,3,3857.85,1,3,5,135,"At Risk",11573.55,"High"
14146,19.1708333333333,7,5259.3,3,5,5,355,"Loyal Customers",36815.1,"Very High"
14147,24.4930555555556,7,2106.8,3,5,4,354,"Loyal Customers",14747.6,"High"
14148,50.2451388888889,1,309.09,2,1,2,212,"Others",309.09,"Low"
14151,309.184722222222,2,679.45,0,2,3,23,"Others",1358.9,"Medium"
14152,23.2368055555556,5,1376.05,3,4,4,344,"Loyal Customers",6880.25,"High"
14153,119.226388888889,1,233.4,1,1,1,111,"Others",233.4,"Low"
14154,17.0888888888889,6,5115.08,3,4,5,345,"Loyal Customers",30690.48,"Very High"
14156,7.34236111111111,102,196549.74,4,5,5,455,"Champions",20048073.48,"Very High"
14157,25.2020833333333,3,553.8,3,3,3,333,"Loyal Customers",1661.4,"Medium"
14159,15.2701388888889,9,3230.45,3,5,5,355,"Loyal Customers",29074.05,"High"
14160,246.229861111111,7,8421.47,0,5,5,55,"At Risk",58950.29,"Very High"
14161,5.27986111111111,5,2182.46,4,4,5,445,"Champions",10912.3,"High"
14163,98.1152777777778,1,148.71,1,1,1,111,"Others",148.71,"Low"
14166,141.013194444444,2,251.15,1,2,2,122,"Others",502.3,"Low"
14167,100.115277777778,4,711.7,1,4,3,143,"At Risk",2846.8,"Medium"
14168,56.3833333333333,2,370.45,2,2,2,222,"Others",740.9,"Low"
14169,66.4694444444444,2,621.51,2,2,3,223,"Others",1243.02,"Medium"
14170,11.2854166666667,3,570.18,4,3,3,433,"Loyal Customers",1710.54,"Medium"
14171,366.257638888889,1,135,0,1,1,11,"Others",135,"Low"
14172,241.274305555556,3,369.02,0,3,2,32,"At Risk",1107.06,"Medium"
14173,277.275694444444,2,135.16,0,2,1,21,"Others",270.32,"Low"
14175,54.2513888888889,5,4456.58,2,4,5,245,"At Risk",22282.9,"High"
14176,3.34444444444444,2,339.11,4,2,2,422,"Potential Loyalists",678.22,"Low"
14177,17.2347222222222,9,1660.23,3,5,4,354,"Loyal Customers",14942.07,"High"
14180,8.28680555555556,9,1570.73,4,5,4,454,"Champions",14136.57,"High"
14181,46.4819444444444,2,308.35,2,2,2,222,"Others",616.7,"Low"
14182,79.3444444444444,4,678.77,1,4,3,143,"At Risk",2715.08,"Medium"
14183,47.2194444444444,2,278.34,2,2,2,222,"Others",556.68,"Low"
14186,63.2715277777778,5,1550.63,2,4,4,244,"At Risk",7753.15,"High"
14187,109.329861111111,1,123.5,1,1,1,111,"Others",123.5,"Low"
14189,4.34652777777778,2,1160.31,4,2,4,424,"Potential Loyalists",2320.62,"Medium"
14190,302.231944444444,1,79.9,0,1,1,11,"Others",79.9,"Low"
14191,30.3152777777778,2,132.9,3,2,1,321,"Others",265.8,"Low"
14192,24.0951388888889,1,293.74,3,1,2,312,"Others",293.74,"Low"
14193,32.3125,1,356.8,3,1,2,312,"Others",356.8,"Low"
14194,28.3159722222222,15,7321.07,3,5,5,355,"Loyal Customers",109816.05,"Very High"
14195,75.2465277777778,4,1603.6,1,4,4,144,"At Risk",6414.4,"High"
14197,46.4166666666667,1,390.05,2,1,2,212,"Others",390.05,"Low"
14198,36.2576388888889,5,868.33,2,4,3,243,"At Risk",4341.65,"Medium"
14199,59.4833333333333,3,906.3,2,3,3,233,"At Risk",2718.9,"Medium"
14200,253.291666666667,1,379.2,0,1,2,12,"Others",379.2,"Low"
14201,45.0486111111111,3,446.1,2,3,2,232,"At Risk",1338.3,"Medium"
14202,17.1166666666667,3,847.76,3,3,3,333,"Loyal Customers",2543.28,"Medium"
14203,33.2680555555556,1,339.34,3,1,2,312,"Others",339.34,"Low"
14204,58.2701388888889,3,874.22,2,3,3,233,"At Risk",2622.66,"Medium"
14205,30.225,7,1947.5,3,5,4,354,"Loyal Customers",13632.5,"High"
14206,24.0701388888889,2,856.85,3,2,3,323,"Others",1713.7,"Medium"
14207,323.436111111111,1,157.8,0,1,1,11,"Others",157.8,"Low"
14208,187.284722222222,1,415.31,0,1,2,12,"Others",415.31,"Low"
14209,21.2520833333333,9,2919.84,3,5,5,355,"Loyal Customers",26278.56,"High"
14210,7.30416666666667,11,3955.68,4,5,5,455,"Champions",43512.48,"Very High"
14211,47.2965277777778,9,2161.19,2,5,5,255,"At Risk",19450.71,"High"
14212,81.3423611111111,1,1119.66,1,1,4,114,"Others",1119.66,"Medium"
14213,40.3916666666667,1,1192.2,2,1,4,214,"Others",1192.2,"Medium"
14215,4.18541666666667,4,1626.61,4,4,4,444,"Champions",6506.44,"High"
14216,50.2041666666667,1,310.74,2,1,2,212,"Others",310.74,"Low"
14217,2.27291666666667,7,1411.91,4,5,4,454,"Champions",9883.37,"High"
14219,45.39375,2,543.89,2,2,3,223,"Others",1087.78,"Medium"
14220,203.272222222222,2,882.6,0,2,3,23,"Others",1765.2,"Medium"
14221,85.2222222222222,8,3084.69,1,5,5,155,"At Risk",24677.52,"High"
14224,26.2555555555556,5,831.98,3,4,3,343,"Loyal Customers",4159.9,"Medium"
14225,70.3951388888889,4,2031.07,2,4,4,244,"At Risk",8124.28,"High"
14226,77.2284722222222,1,770.34,1,1,3,113,"Others",770.34,"Low"
14227,50.3833333333333,5,3017.75,2,4,5,245,"At Risk",15088.75,"High"
14228,73.4277777777778,3,745.5,1,3,3,133,"At Risk",2236.5,"Medium"
14229,39.2895833333333,4,1046.84,2,4,4,244,"At Risk",4187.36,"Medium"
14230,71.4541666666667,3,979.8,1,3,3,133,"At Risk",2939.4,"Medium"
14231,86.4229166666667,1,309.91,1,1,2,112,"Others",309.91,"Low"
14233,101.206944444444,3,1441.55,1,3,4,134,"At Risk",4324.65,"Medium"
14235,134.109027777778,4,1573.13,1,4,4,144,"At Risk",6292.52,"High"
14236,8.05,4,1253.78,4,4,4,444,"Champions",5015.12,"Medium"
14237,9.27847222222222,2,471.14,4,2,2,422,"Potential Loyalists",942.28,"Low"
14238,298.348611111111,2,287.38,0,2,2,22,"Others",574.76,"Low"
14239,67.2083333333333,10,1882.32,2,5,4,254,"At Risk",18823.2,"High"
14240,59.3006944444444,1,357.15,2,1,2,212,"Others",357.15,"Low"
14241,332.201388888889,1,120,0,1,1,11,"Others",120,"Low"
14243,1.47708333333333,8,4842.28,4,5,5,455,"Champions",38738.24,"Very High"
14244,296.347916666667,1,366.42,0,1,2,12,"Others",366.42,"Low"
14247,40.2520833333333,4,616.79,2,4,3,243,"At Risk",2467.16,"Medium"
14248,95.2479166666667,2,730.37,1,2,3,123,"Others",1460.74,"Medium"
14249,46.3104166666667,12,5400.461,2,5,5,255,"At Risk",64805.532,"Very High"
14252,17.2673611111111,1,350.99,3,1,2,312,"Others",350.99,"Low"
14253,129.2125,2,363.4,1,2,2,122,"Others",726.8,"Low"
14254,68.3395833333333,1,601.03,2,1,3,213,"Others",601.03,"Low"
14255,182.171527777778,1,1000.63,0,1,4,14,"Others",1000.63,"Medium"
14256,127.438194444444,3,1491.73,1,3,4,134,"At Risk",4475.19,"Medium"
14257,16.1673611111111,4,2854.73,3,4,5,345,"Loyal Customers",11418.92,"High"
14258,31.4118055555556,16,19381.36,3,5,5,355,"Loyal Customers",310101.76,"Very High"
14260,107.2125,3,824.28,1,3,3,133,"At Risk",2472.84,"Medium"
14263,59.2444444444444,1,322.93,2,1,2,212,"Others",322.93,"Low"
14264,15.0965277777778,4,1183.39,4,4,4,444,"Champions",4733.56,"Medium"
14265,100.320138888889,2,843.17,1,2,3,123,"Others",1686.34,"Medium"
14266,64.2701388888889,1,40.56,2,1,1,211,"Others",40.56,"Low"
14268,106.386111111111,1,354.85,1,1,2,112,"Others",354.85,"Low"
14269,75.2972222222222,1,295.73,1,1,2,112,"Others",295.73,"Low"
14271,45.125,1,101.86,2,1,1,211,"Others",101.86,"Low"
14272,198.425,2,482.85,0,2,2,22,"Others",965.7,"Medium"
14274,322.298611111111,1,256.6,0,1,2,12,"Others",256.6,"Low"
14275,31.4548611111111,6,1189.38,3,4,4,344,"Loyal Customers",7136.28,"High"
14276,43.1166666666667,4,982.94,2,4,3,243,"At Risk",3931.76,"Medium"
14277,47.3034722222222,6,13009.61,2,4,5,245,"At Risk",78057.66,"Very High"
14278,45.3291666666667,1,205.83,2,1,1,211,"Others",205.83,"Low"
14279,156.471527777778,2,191.86,1,2,1,121,"Others",383.72,"Low"
14281,44.2194444444444,1,245.15,2,1,1,211,"Others",245.15,"Low"
14282,3.31944444444444,11,4120.32,4,5,5,455,"Champions",45323.52,"Very High"
14283,99.21875,4,628.44,1,4,3,143,"At Risk",2513.76,"Medium"
14284,289.329861111111,1,704.4,0,1,3,13,"Others",704.4,"Low"
14285,149.245833333333,4,1374.41,1,4,4,144,"At Risk",5497.64,"Medium"
14286,40.1819444444444,4,3851.01,2,4,5,245,"At Risk",15404.04,"High"
14290,49.3319444444444,3,2201.91,2,3,5,235,"At Risk",6605.73,"High"
14291,16.4263888888889,12,4020.85,3,5,5,355,"Loyal Customers",48250.2,"Very High"
14292,46.3215277777778,7,4354.32,2,5,5,255,"At Risk",30480.24,"High"
14293,4.40486111111111,6,2221.37,4,4,5,445,"Champions",13328.22,"High"
14294,43.15,1,375.34,2,1,2,212,"Others",375.34,"Low"
14295,74.4256944444444,4,2196.71,1,4,5,145,"At Risk",8786.84,"High"
14296,57.2409722222222,2,456.4,2,2,2,222,"Others",912.8,"Low"
14298,11.2680555555556,38,39667.19,4,5,5,455,"Champions",1507353.22,"Very High"
14299,1.39652777777778,19,10533.87,4,5,5,455,"Champions",200143.53,"Very High"
14301,52.2444444444444,3,1352.04,2,3,4,234,"At Risk",4056.12,"Medium"
14302,66.49375,3,742.9,2,3,3,233,"At Risk",2228.7,"Medium"
14303,43.1833333333333,2,277.94,2,2,2,222,"Others",555.88,"Low"
14304,15.4034722222222,2,1341.56,3,2,4,324,"Others",2683.12,"Medium"
14306,14.3868055555556,4,1058.08,4,4,4,444,"Champions",4232.32,"Medium"
14307,9.34722222222222,5,2075.31,4,4,4,444,"Champions",10376.55,"High"
14308,185.134027777778,2,1147.02,0,2,4,24,"Others",2294.04,"Medium"
14309,49.2798611111111,2,1428.28,2,2,4,224,"Others",2856.56,"Medium"
14310,68.3104166666667,1,492.1,2,1,2,212,"Others",492.1,"Low"
14311,203.397916666667,1,206.19,0,1,1,11,"Others",206.19,"Low"
14312,14.3479166666667,5,1478.7,4,4,4,444,"Champions",7393.5,"High"
14314,66.5006944444444,1,109.8,2,1,1,211,"Others",109.8,"Low"
14315,200.253472222222,2,716.69,0,2,3,23,"Others",1433.38,"Medium"
14316,58.1458333333333,5,1370.34,2,4,4,244,"At Risk",6851.7,"High"
14318,96.1868055555556,1,158.02,1,1,1,111,"Others",158.02,"Low"
14319,60.2659722222222,1,494.85,2,1,2,212,"Others",494.85,"Low"
14320,182.302777777778,3,868.96,0,3,3,33,"At Risk",2606.88,"Medium"
14321,67.3006944444444,2,687.31,2,2,3,223,"Others",1374.62,"Medium"
14322,65.1972222222222,4,474.1,2,4,2,242,"At Risk",1896.4,"Medium"
14324,45.3451388888889,2,701.61,2,2,3,223,"Others",1403.22,"Medium"
14325,205.445138888889,1,245.48,0,1,1,11,"Others",245.48,"Low"
14326,99.2722222222222,2,757.13,1,2,3,123,"Others",1514.26,"Medium"
14327,18.1923611111111,5,1583.28,3,4,4,344,"Loyal Customers",7916.4,"High"
14328,74.1666666666667,1,445.05,1,1,2,112,"Others",445.05,"Low"
14329,11.1722222222222,8,4912.38,4,5,5,455,"Champions",39299.04,"Very High"
14330,259.452083333333,1,200.63,0,1,1,11,"Others",200.63,"Low"
14332,17.1923611111111,2,1077.2,3,2,4,324,"Others",2154.4,"Medium"
14334,61.3944444444444,4,1766.27,2,4,4,244,"At Risk",7065.08,"High"
14338,172.395138888889,1,339.88,1,1,2,112,"Others",339.88,"Low"
14339,64.4659722222222,1,310.75,2,1,2,212,"Others",310.75,"Low"
14341,56.1729166666667,10,2285.04,2,5,5,255,"At Risk",22850.4,"High"
14342,68.3020833333333,2,249.88,2,2,1,221,"Others",499.76,"Low"
14343,57.2888888888889,4,1079.66,2,4,4,244,"At Risk",4318.64,"Medium"
14344,3.38194444444444,14,2443.77,4,5,5,455,"Champions",34212.78,"Very High"
14346,61.2375,3,1294.17,2,3,4,234,"At Risk",3882.51,"Medium"
14347,372.383333333333,1,82.6,0,1,1,11,"Others",82.6,"Low"
14350,16.3333333333333,2,689.1,3,2,3,323,"Others",1378.2,"Medium"
14353,46.21875,2,285.9,2,2,2,222,"Others",571.8,"Low"
14355,1.32291666666667,3,840.05,4,3,3,433,"Loyal Customers",2520.15,"Medium"
14358,25.1736111111111,2,400.06,3,2,2,322,"Others",800.12,"Low"
14361,214.313888888889,1,214.71,0,1,1,11,"Others",214.71,"Low"
14363,38.125,2,227.47,2,2,1,221,"Others",454.94,"Low"
14365,30.4229166666667,2,634.68,3,2,3,323,"Others",1269.36,"Medium"
14366,161.109722222222,1,136,1,1,1,111,"Others",136,"Low"
14369,278.176388888889,2,469.13,0,2,2,22,"Others",938.26,"Low"
14370,86.3805555555556,6,1175.78,1,4,4,144,"At Risk",7054.68,"High"
14372,79.1555555555556,2,860.08,1,2,3,123,"Others",1720.16,"Medium"
14374,177.233333333333,1,108,0,1,1,11,"Others",108,"Low"
14375,86.2194444444444,2,871.26,1,2,3,123,"Others",1742.52,"Medium"
14376,319.184027777778,1,215.46,0,1,1,11,"Others",215.46,"Low"
14378,257.31875,1,131.25,0,1,1,11,"Others",131.25,"Low"
14379,29.1472222222222,2,917.06,3,2,3,323,"Others",1834.12,"Medium"
14380,318.118055555556,1,48.96,0,1,1,11,"Others",48.96,"Low"
14381,87.1569444444444,1,423.26,1,1,2,112,"Others",423.26,"Low"
14382,26.1451388888889,1,578.14,3,1,3,313,"Others",578.14,"Low"
14384,136.422222222222,1,58.5,1,1,1,111,"Others",58.5,"Low"
14388,8.37430555555556,9,3488.16,4,5,5,455,"Champions",31393.44,"Very High"
14389,60.4145833333333,3,854.55,2,3,3,233,"At Risk",2563.65,"Medium"
14390,8.33611111111111,5,1731.16,4,4,4,444,"Champions",8655.8,"High"
14391,212.429861111111,1,135.6,0,1,1,11,"Others",135.6,"Low"
14392,68.2951388888889,1,266.4,2,1,2,212,"Others",266.4,"Low"
14394,200.3875,1,93.8,0,1,1,11,"Others",93.8,"Low"
14395,8.07361111111111,12,4630.7,4,5,5,455,"Champions",55568.4,"Very High"
14396,7.19583333333333,6,1591.74,4,4,4,444,"Champions",9550.44,"High"
14398,37.2604166666667,2,707.79,2,2,3,223,"Others",1415.58,"Medium"
14399,30.2763888888889,8,2108.21,3,5,4,354,"Loyal Customers",16865.68,"High"
14400,44.2513888888889,2,1157.77,2,2,4,224,"Others",2315.54,"Medium"
14401,60.1916666666667,9,2744.42,2,5,5,255,"At Risk",24699.78,"High"
14402,288.278472222222,1,285.6,0,1,2,12,"Others",285.6,"Low"
14403,225.468055555556,2,404.7,0,2,2,22,"Others",809.4,"Low"
14404,5.16736111111111,8,1404.04,4,5,4,454,"Champions",11232.32,"High"
14405,22.3479166666667,1,195,3,1,1,311,"Others",195,"Low"
14408,107.286805555556,4,1503.24,1,4,4,144,"At Risk",6012.96,"High"
14409,4.20486111111111,5,1696.64,4,4,4,444,"Champions",8483.2,"High"
14410,12.2111111111111,2,1531.63,4,2,4,424,"Potential Loyalists",3063.26,"Medium"
14412,60.3111111111111,1,656.16,2,1,3,213,"Others",656.16,"Low"
14413,46.2222222222222,3,643.47,2,3,3,233,"At Risk",1930.41,"Medium"
14414,10.4090277777778,1,902.35,4,1,3,413,"Potential Loyalists",902.35,"Low"
14415,15.2569444444444,10,6124.52,4,5,5,455,"Champions",61245.2,"Very High"
14417,23.3791666666667,1,524.65,3,1,3,313,"Others",524.65,"Low"
14419,18.3694444444444,1,202.85,3,1,1,311,"Others",202.85,"Low"
14420,32.3833333333333,3,1251.65,3,3,4,334,"Loyal Customers",3754.95,"Medium"
14421,148.313194444444,4,1656.26,1,4,4,144,"At Risk",6625.04,"High"
14422,10.3875,13,6007.88,4,5,5,455,"Champions",78102.44,"Very High"
14423,73.3881944444445,2,651.41,1,2,3,123,"Others",1302.82,"Medium"
14425,70.4006944444444,3,661.39,2,3,3,233,"At Risk",1984.17,"Medium"
14426,39.1506944444444,7,7246.27,2,5,5,255,"At Risk",50723.89,"Very High"
14427,130.358333333333,2,900.18,1,2,3,123,"Others",1800.36,"Medium"
14429,39.4118055555556,1,516.28,2,1,3,213,"Others",516.28,"Low"
14430,147.351388888889,3,1220.9,1,3,4,134,"At Risk",3662.7,"Medium"
14431,15.2486111111111,3,2143.84,4,3,5,435,"Loyal Customers",6431.52,"High"
14433,101.309722222222,1,280.7,1,1,2,112,"Others",280.7,"Low"
14435,137.311111111111,1,90.42,1,1,1,111,"Others",90.42,"Low"
14436,189.353472222222,1,182.64,0,1,1,11,"Others",182.64,"Low"
14437,1.44027777777778,5,873.34,4,4,3,443,"Loyal Customers",4366.7,"Medium"
14439,79.2180555555556,4,6781.8,1,4,5,145,"At Risk",27127.2,"High"
14440,1.3,9,4281.05,4,5,5,455,"Champions",38529.45,"Very High"
14441,10.0180555555556,7,2898.8,4,5,5,455,"Champions",20291.6,"High"
14442,50.1819444444444,5,3777.2,2,4,5,245,"At Risk",18886,"High"
14443,4.37361111111111,2,966.27,4,2,3,423,"Potential Loyalists",1932.54,"Medium"
14444,92.0451388888889,1,120.44,1,1,1,111,"Others",120.44,"Low"
14445,91.3694444444444,1,221.65,1,1,1,111,"Others",221.65,"Low"
14446,22.3284722222222,1,189.93,3,1,1,311,"Others",189.93,"Low"
14447,36.2701388888889,1,548.5,2,1,3,213,"Others",548.5,"Low"
14449,8.24444444444444,5,1555.4,4,4,4,444,"Champions",7777,"High"
14450,15.3354166666667,4,645.19,3,4,3,343,"Loyal Customers",2580.76,"Medium"
14451,25.2444444444444,10,2614.78,3,5,5,355,"Loyal Customers",26147.8,"High"
14452,31.2416666666667,2,399.9,3,2,2,322,"Others",799.8,"Low"
14454,12.2743055555556,5,977.3,4,4,3,443,"Loyal Customers",4886.5,"Medium"
14455,68.1756944444444,4,617.72,2,4,3,243,"At Risk",2470.88,"Medium"
14458,16.3041666666667,1,228.07,3,1,1,311,"Others",228.07,"Low"
14459,287.274305555556,1,3537.821,0,1,5,15,"Others",3537.821,"Medium"
14460,32.2090277777778,6,659.16,3,4,3,343,"Loyal Customers",3954.96,"Medium"
14461,18.3111111111111,10,4573.85,3,5,5,355,"Loyal Customers",45738.5,"Very High"
14462,68.2416666666667,1,262.24,2,1,2,212,"Others",262.24,"Low"
14463,135.351388888889,1,256.95,1,1,2,112,"Others",256.95,"Low"
14464,204.084027777778,2,111,0,2,1,21,"Others",222,"Low"
14465,64.2027777777778,8,2887.41,2,5,5,255,"At Risk",23099.28,"High"
14466,8.26736111111111,7,2374.5,4,5,5,455,"Champions",16621.5,"High"
14467,25.375,8,1606.98,3,5,4,354,"Loyal Customers",12855.84,"High"
14468,369.319444444444,1,204.24,0,1,1,11,"Others",204.24,"Low"
14469,52.2298611111111,4,2093.46,2,4,4,244,"At Risk",8373.84,"High"
14470,66.3069444444444,1,250.85,2,1,2,212,"Others",250.85,"Low"
14471,227.117361111111,2,400.95,0,2,2,22,"Others",801.9,"Low"
14472,325.286111111111,1,266.05,0,1,2,12,"Others",266.05,"Low"
14474,215.325694444444,1,711.23,0,1,3,13,"Others",711.23,"Low"
14475,44.4451388888889,1,225.3,2,1,1,211,"Others",225.3,"Low"
14477,72.2472222222222,3,660,1,3,3,133,"At Risk",1980,"Medium"
14478,18.1888888888889,4,1276.66,3,4,4,344,"Loyal Customers",5106.64,"Medium"
14479,1.29305555555556,3,982.86,4,3,3,433,"Loyal Customers",2948.58,"Medium"
14480,38.3097222222222,3,1020.47,2,3,4,234,"At Risk",3061.41,"Medium"
14481,43.0284722222222,3,1648.18,2,3,4,234,"At Risk",4944.54,"Medium"
14482,15.1909722222222,6,2283.91,4,4,5,445,"Champions",13703.46,"High"
14483,372.40625,1,120,0,1,1,11,"Others",120,"Low"
14484,37.2576388888889,3,749.06,2,3,3,233,"At Risk",2247.18,"Medium"
14486,147.429861111111,2,175.5,1,2,1,121,"Others",351,"Low"
14487,4.27708333333333,2,225.89,4,2,1,421,"Potential Loyalists",451.78,"Low"
14489,73.1909722222222,3,1111.55,1,3,4,134,"At Risk",3334.65,"Medium"
14490,42.20625,2,1273.47,2,2,4,224,"Others",2546.94,"Medium"
14491,8.32708333333333,1,127.2,4,1,1,411,"Potential Loyalists",127.2,"Low"
14492,66.2777777777778,7,1921.91,2,5,4,254,"At Risk",13453.37,"High"
14493,26.15625,5,2704.62,3,4,5,345,"Loyal Customers",13523.1,"High"
14494,37.2833333333333,2,261.9,2,2,2,222,"Others",523.8,"Low"
14495,295.466666666667,1,51,0,1,1,11,"Others",51,"Low"
14496,9.18472222222222,6,2129.42,4,4,4,444,"Champions",12776.52,"High"
14497,309.418055555556,1,221.69,0,1,1,11,"Others",221.69,"Low"
14498,37.3680555555556,5,1943.51,2,4,4,244,"At Risk",9717.55,"High"
14499,10.23125,4,1293.35,4,4,4,444,"Champions",5173.4,"Medium"
14505,40.15625,11,6019.65,2,5,5,255,"At Risk",66216.15,"Very High"
14506,5.23333333333333,3,1256.6,4,3,4,434,"Loyal Customers",3769.8,"Medium"
14507,14.3590277777778,5,1848.86,4,4,4,444,"Champions",9244.3,"High"
14508,12.2777777777778,3,554.87,4,3,3,433,"Loyal Customers",1664.61,"Medium"
14509,170.277777777778,1,110.95,1,1,1,111,"Others",110.95,"Low"
14510,11.3020833333333,3,979.85,4,3,3,433,"Loyal Customers",2939.55,"Medium"
14512,19.2923611111111,5,940.69,3,4,3,343,"Loyal Customers",4703.45,"Medium"
14513,72.3263888888889,3,332.42,1,3,2,132,"At Risk",997.26,"Medium"
14514,72.2826388888889,6,3389.84,1,4,5,145,"At Risk",20339.04,"High"
14515,23.3173611111111,6,1647.17,3,4,4,344,"Loyal Customers",9883.02,"High"
14516,152.245833333333,1,151.17,1,1,1,111,"Others",151.17,"Low"
14519,319.363194444444,2,203.14,0,2,1,21,"Others",406.28,"Low"
14521,127.143055555556,1,199.45,1,1,1,111,"Others",199.45,"Low"
14522,231.386111111111,4,773.88,0,4,3,43,"At Risk",3095.52,"Medium"
14524,45.3611111111111,4,1066.03,2,4,4,244,"At Risk",4264.12,"Medium"
14525,64.0402777777778,8,3810.64,2,5,5,255,"At Risk",30485.12,"High"
14526,25.2701388888889,1,258.65,3,1,2,312,"Others",258.65,"Low"
14527,1.31180555555556,69,19257.08,4,5,5,455,"Champions",1328738.52,"Very High"
14530,32.2888888888889,10,3226.76,3,5,5,355,"Loyal Customers",32267.6,"Very High"
14531,115.40625,1,376.34,1,1,2,112,"Others",376.34,"Low"
14532,47.3173611111111,7,2912.93,2,5,5,255,"At Risk",20390.51,"High"
14533,43.1381944444444,4,1516.65,2,4,4,244,"At Risk",6066.6,"High"
14534,33.3868055555556,8,1790.36,3,5,4,354,"Loyal Customers",14322.88,"High"
14535,31.1652777777778,6,3118.39,3,4,5,345,"Loyal Customers",18710.34,"High"
14537,259.261805555556,1,285.84,0,1,2,12,"Others",285.84,"Low"
14538,166.401388888889,3,982.59,1,3,3,133,"At Risk",2947.77,"Medium"
14540,15.3819444444444,8,2756.98,3,5,5,355,"Loyal Customers",22055.84,"High"
14541,52.2041666666667,6,1038.03,2,4,4,244,"At Risk",6228.18,"High"
14543,16.4034722222222,23,10988.14,3,5,5,355,"Loyal Customers",252727.22,"Very High"
14544,106.167361111111,1,934.23,1,1,3,113,"Others",934.23,"Low"
14545,310.193055555556,1,349.25,0,1,2,12,"Others",349.25,"Low"
14546,12.3236111111111,6,2610.91,4,4,5,445,"Champions",15665.46,"High"
14548,120.175694444444,7,1888.49,1,5,4,154,"At Risk",13219.43,"High"
14549,56.4826388888889,3,624.36,2,3,3,233,"At Risk",1873.08,"Medium"
14550,24.2472222222222,2,587.69,3,2,3,323,"Others",1175.38,"Medium"
14551,47.2194444444444,5,691.86,2,4,3,243,"At Risk",3459.3,"Medium"
14552,16.3090277777778,2,343.71,3,2,2,322,"Others",687.42,"Low"
14553,47.3340277777778,4,959.33,2,4,3,243,"At Risk",3837.32,"Medium"
14555,17.3513888888889,4,1991.49,3,4,4,344,"Loyal Customers",7965.96,"High"
14556,232.211111111111,3,815.69,0,3,3,33,"At Risk",2447.07,"Medium"
14558,290.298611111111,3,655.5,0,3,3,33,"At Risk",1966.5,"Medium"
14559,26.1638888888889,1,75.6,3,1,1,311,"Others",75.6,"Low"
14560,15.4243055555556,22,3876.26,3,5,5,355,"Loyal Customers",85277.72,"Very High"
14562,26.36875,8,1631.38,3,5,4,354,"Loyal Customers",13051.04,"High"
14563,145.333333333333,2,640.54,1,2,3,123,"Others",1281.08,"Medium"
14564,70.4576388888889,2,2605.62,2,2,5,225,"Others",5211.24,"Medium"
14565,109.425694444444,1,760.1,1,1,3,113,"Others",760.1,"Low"
14566,53.2111111111111,3,2660,2,3,5,235,"At Risk",7980,"High"
14568,71.1152777777778,1,919.7,1,1,3,113,"Others",919.7,"Low"
14569,88.3819444444444,3,369.94,1,3,2,132,"At Risk",1109.82,"Medium"
14570,79.2875,1,395.69,1,1,2,112,"Others",395.69,"Low"
14571,61.2048611111111,1,160,2,1,1,211,"Others",160,"Low"
14572,53.1180555555556,4,2722.34,2,4,5,245,"At Risk",10889.36,"High"
14573,8.00138888888889,5,925.3,4,4,3,443,"Loyal Customers",4626.5,"Medium"
14574,368.304861111111,1,143.7,0,1,1,11,"Others",143.7,"Low"
14575,124.215277777778,1,420.22,1,1,2,112,"Others",420.22,"Low"
14576,8.09027777777778,1,35.4,4,1,1,411,"Potential Loyalists",35.4,"Low"
14577,30.3208333333333,3,504.44,3,3,3,333,"Loyal Customers",1513.32,"Medium"
14579,68.2256944444444,1,105.56,2,1,1,211,"Others",105.56,"Low"
14580,154.195138888889,1,14.85,1,1,1,111,"Others",14.85,"Low"
14581,180.175694444444,1,271.05,0,1,2,12,"Others",271.05,"Low"
14583,19.1895833333333,3,673.33,3,3,3,333,"Loyal Customers",2019.99,"Medium"
14584,57.2590277777778,4,705.1,2,4,3,243,"At Risk",2820.4,"Medium"
14585,18.3034722222222,4,986.22,3,4,3,343,"Loyal Customers",3944.88,"Medium"
14588,214.203472222222,1,135.39,0,1,1,11,"Others",135.39,"Low"
14589,7.34652777777778,1,39.75,4,1,1,411,"Potential Loyalists",39.75,"Low"
14590,60.3298611111111,20,2993.37,2,5,5,255,"At Risk",59867.4,"Very High"
14593,33.2986111111111,9,3048.38,3,5,5,355,"Loyal Customers",27435.42,"High"
14594,9.25486111111111,1,255,4,1,2,412,"Potential Loyalists",255,"Low"
14595,89.3013888888889,2,423.85,1,2,2,122,"Others",847.7,"Low"
14596,262.325,1,222.22,0,1,1,11,"Others",222.22,"Low"
14597,15.2659722222222,4,1318.39,3,4,4,344,"Loyal Customers",5273.56,"Medium"
14598,205.2875,1,162.07,0,1,1,11,"Others",162.07,"Low"
14599,26.2166666666667,2,457.89,3,2,2,322,"Others",915.78,"Low"
14600,29.1701388888889,1,471.84,3,1,2,312,"Others",471.84,"Low"
14602,292.176388888889,1,205.36,0,1,1,11,"Others",205.36,"Low"
14604,269.292361111111,1,143.86,0,1,1,11,"Others",143.86,"Low"
14605,10.2458333333333,4,921.56,4,4,3,443,"Loyal Customers",3686.24,"Medium"
14606,2.32847222222222,102,18482.1,4,5,5,455,"Champions",1885174.2,"Very High"
14607,103.268055555556,8,7553.63,1,5,5,155,"At Risk",60429.04,"Very High"
14608,15.1729166666667,7,1567.79,4,5,4,454,"Champions",10974.53,"High"
14609,26.4076388888889,6,884.64,3,4,3,343,"Loyal Customers",5307.84,"Medium"
14610,31.3770833333333,2,24.35,3,2,1,321,"Others",48.7,"Low"
14611,79.4458333333333,2,604.33,1,2,3,123,"Others",1208.66,"Medium"
14612,51.1666666666667,1,877.7,2,1,3,213,"Others",877.7,"Low"
14613,316.290972222222,1,76.32,0,1,1,11,"Others",76.32,"Low"
14614,22.2895833333333,1,295.13,3,1,2,312,"Others",295.13,"Low"
14615,30.2673611111111,5,951.76,3,4,3,343,"Loyal Customers",4758.8,"Medium"
14616,21.1444444444444,2,121.7,3,2,1,321,"Others",243.4,"Low"
14617,38.3472222222222,2,190.47,2,2,1,221,"Others",380.94,"Low"
14618,12.4006944444444,4,788.88,4,4,3,443,"Loyal Customers",3155.52,"Medium"
14619,177.222222222222,1,896.8,0,1,3,13,"Others",896.8,"Low"
14621,147.507638888889,4,1212.21,1,4,4,144,"At Risk",4848.84,"Medium"
14623,16.1909722222222,5,1130.28,3,4,4,344,"Loyal Customers",5651.4,"High"
14624,51.1979166666667,4,588.22,2,4,3,243,"At Risk",2352.88,"Medium"
14625,10.3111111111111,9,3598.25,4,5,5,455,"Champions",32384.25,"Very High"
14626,31.4430555555556,7,2619.65,3,5,5,355,"Loyal Customers",18337.55,"High"
14627,15.1451388888889,1,462.75,4,1,2,412,"Potential Loyalists",462.75,"Low"
14628,78.0673611111111,3,1326.04,1,3,4,134,"At Risk",3978.12,"Medium"
14630,120.140972222222,1,338.65,1,1,2,112,"Others",338.65,"Low"
14631,22.3916666666667,3,1018.71,3,3,4,334,"Loyal Customers",3056.13,"Medium"
14634,73.3895833333333,4,2124.46,1,4,4,144,"At Risk",8497.84,"High"
14635,89.3847222222222,1,215.22,1,1,1,111,"Others",215.22,"Low"
14637,313.172916666667,1,106.68,0,1,1,11,"Others",106.68,"Low"
14639,44.2597222222222,3,1994.47,2,3,4,234,"At Risk",5983.41,"High"
14640,45.4277777777778,4,1541.98,2,4,4,244,"At Risk",6167.92,"High"
14643,253.477777777778,3,986.08,0,3,3,33,"At Risk",2958.24,"Medium"
14644,50.4104166666667,5,1416.96,2,4,4,244,"At Risk",7084.8,"High"
14645,270.352777777778,1,279.8,0,1,2,12,"Others",279.8,"Low"
14646,10.1479166666667,78,248396.5,4,5,5,455,"Champions",19374927,"Very High"
14647,159.273611111111,1,270,1,1,2,112,"Others",270,"Low"
14648,52.2840277777778,15,4466.65,2,5,5,255,"At Risk",66999.75,"Very High"
14649,18.2513888888889,5,2248.6,3,4,5,345,"Loyal Customers",11243,"High"
14650,224.981944444444,1,62.5,0,1,1,11,"Others",62.5,"Low"
14651,30.1638888888889,7,1371.77,3,5,4,354,"Loyal Customers",9602.39,"High"
14653,149.320833333333,5,1666.41,1,4,4,144,"At Risk",8332.05,"High"
14654,374.294444444444,1,246.86,0,1,1,11,"Others",246.86,"Low"
14655,24.3145833333333,3,1946.28,3,3,4,334,"Loyal Customers",5838.84,"High"
14656,51.2743055555556,3,498.95,2,3,2,232,"At Risk",1496.85,"Medium"
14657,65.1861111111111,2,601.97,2,2,3,223,"Others",1203.94,"Medium"
14662,63.2708333333333,3,635.06,2,3,3,233,"At Risk",1905.18,"Medium"
14663,66.2777777777778,2,490.6,2,2,2,222,"Others",981.2,"Medium"
14665,63.2229166666667,2,913.95,2,2,3,223,"Others",1827.9,"Medium"
14667,1.2375,31,12418.01,4,5,5,455,"Champions",384958.31,"Very High"
14668,81.2069444444444,1,111.63,1,1,1,111,"Others",111.63,"Low"
14669,269.431944444444,4,1957.54,0,4,4,44,"At Risk",7830.16,"High"
14670,368.251388888889,1,190.47,0,1,1,11,"Others",190.47,"Low"
14671,185.265277777778,2,1127.45,0,2,4,24,"Others",2254.9,"Medium"
14672,151.401388888889,2,347.59,1,2,2,122,"Others",695.18,"Low"
14673,3.3,3,1674.41,4,3,4,434,"Loyal Customers",5023.23,"Medium"
14674,145.233333333333,1,173.66,1,1,1,111,"Others",173.66,"Low"
14675,24.31875,1,419.22,3,1,2,312,"Others",419.22,"Low"
14676,30.3118055555556,6,5808.55,3,4,5,345,"Loyal Customers",34851.3,"Very High"
14677,228.425694444444,1,184.91,0,1,1,11,"Others",184.91,"Low"
14678,215.228472222222,1,403.39,0,1,2,12,"Others",403.39,"Low"
14679,17.3402777777778,3,1289.44,3,3,4,334,"Loyal Customers",3868.32,"Medium"
14680,7.33055555555556,43,28615.27,4,5,5,455,"Champions",1230456.61,"Very High"
14681,23.1798611111111,3,376.2,3,3,2,332,"Loyal Customers",1128.6,"Medium"
14682,64.4222222222222,4,1462.81,2,4,4,244,"At Risk",5851.24,"High"
14683,224.113194444444,1,146.56,0,1,1,11,"Others",146.56,"Low"
14684,26.2458333333333,1,228.52,3,1,1,311,"Others",228.52,"Low"
14685,212.286805555556,8,4536.64,0,5,5,55,"At Risk",36293.12,"Very High"
14686,50.0625,5,852.53,2,4,3,243,"At Risk",4262.65,"Medium"
14687,36.0451388888889,2,773.68,3,2,3,323,"Others",1547.36,"Medium"
14688,9.43333333333333,8,2056.3,4,5,4,454,"Champions",16450.4,"High"
14690,28.2152777777778,2,422.63,3,2,2,322,"Others",845.26,"Low"
14692,16.30625,8,1123.59,3,5,4,354,"Loyal Customers",8988.72,"High"
14693,61.2743055555556,6,992.46,2,4,4,244,"At Risk",5954.76,"High"
14694,253.010416666667,1,244.31,0,1,1,11,"Others",244.31,"Low"
14695,155.238194444444,3,1534.22,1,3,4,134,"At Risk",4602.66,"Medium"
14696,9.18333333333333,2,688.95,4,2,3,423,"Potential Loyalists",1377.9,"Medium"
14699,71.1993055555556,3,593.47,1,3,3,133,"At Risk",1780.41,"Medium"
14700,51.3159722222222,2,880.96,2,3,3,233,"At Risk",1761.92,"Medium"
14701,78.34375,6,1961.02,1,4,4,144,"At Risk",11766.12,"High"
14702,1.02638888888889,13,3427.44,4,5,5,455,"Champions",44556.72,"Very High"
14704,60.3388888888889,2,258.96,2,3,2,232,"At Risk",517.92,"Low"
14706,254.369444444444,1,367.54,0,1,2,12,"Others",367.54,"Low"
14707,71.35,2,139.2,1,3,1,131,"At Risk",278.4,"Low"
14708,4.31805555555556,3,1085.91,4,3,4,434,"Loyal Customers",3257.73,"Medium"
14709,15.35625,12,3965.29,3,5,5,355,"Loyal Customers",47583.48,"Very High"
14710,15.2722222222222,9,1300.31,3,5,4,354,"Loyal Customers",11702.79,"High"
14712,54.2166666666667,1,411,2,1,2,212,"Others",411,"Low"
14713,1.04375,11,2752.51,4,5,5,455,"Champions",30277.61,"High"
14714,43.09375,3,746.05,2,3,3,233,"At Risk",2238.15,"Medium"
14715,78.2895833333333,4,958.07,1,4,3,143,"At Risk",3832.28,"Medium"
14716,80.3291666666667,1,235.77,1,1,1,111,"Others",235.77,"Low"
14717,369.288888888889,1,81.3,0,1,1,11,"Others",81.3,"Low"
14718,46.2875,1,226.42,2,1,1,211,"Others",226.42,"Low"
14721,15.2868055555556,1,109.07,3,1,1,311,"Others",109.07,"Low"
14722,113.227083333333,2,309.1,1,3,2,132,"At Risk",618.2,"Low"
14723,7.23263888888889,7,927.89,4,5,3,453,"Loyal Customers",6495.23,"High"
14724,226.274305555556,1,341.9,0,1,2,12,"Others",341.9,"Low"
14725,30.3430555555556,3,597.16,3,3,3,333,"Loyal Customers",1791.48,"Medium"
14726,290.309722222222,1,116.5,0,1,1,11,"Others",116.5,"Low"
14727,182.271527777778,2,195.15,0,3,1,31,"At Risk",390.3,"Low"
14728,49.1694444444444,1,190.58,2,1,1,211,"Others",190.58,"Low"
14729,9.30416666666667,3,586.24,4,3,3,433,"Loyal Customers",1758.72,"Medium"
14732,28.1381944444444,11,2814.58,3,5,5,355,"Loyal Customers",30960.38,"Very High"
14733,3.35486111111111,4,6579.26,4,4,5,445,"Champions",26317.04,"High"
14734,61.33125,4,1056.42,2,4,4,244,"At Risk",4225.68,"Medium"
14735,24.2652777777778,24,6174.47,3,5,5,355,"Loyal Customers",148187.28,"Very High"
14736,121.194444444444,2,374.05,1,3,2,132,"At Risk",748.1,"Low"
14737,36.3555555555556,1,2389.62,2,1,5,215,"Others",2389.62,"Medium"
14738,196.979166666667,2,507.45,0,3,3,33,"At Risk",1014.9,"Medium"
14739,3.21041666666667,19,8385.22,4,5,5,455,"Champions",159319.18,"Very High"
14740,45.4263888888889,8,2712.85,2,5,5,255,"At Risk",21702.8,"High"
14741,8.47083333333333,2,497.25,4,3,2,432,"Loyal Customers",994.5,"Medium"
14742,71.2458333333333,1,579.85,1,1,3,113,"Others",579.85,"Low"
14743,228.399305555556,1,50.48,0,1,1,11,"Others",50.48,"Low"
14744,2.40277777777778,8,2785.1,4,5,5,455,"Champions",22280.8,"High"
14745,137.2875,7,1331.15,1,5,4,154,"At Risk",9318.05,"High"
14746,42.2201388888889,4,593.5,2,4,3,243,"At Risk",2374,"Medium"
14748,4.40069444444444,7,1736.57,4,5,4,454,"Champions",12155.99,"High"
14749,115.309027777778,1,310.15,1,1,2,112,"Others",310.15,"Low"
14750,372.086111111111,1,112.03,0,1,1,11,"Others",112.03,"Low"
14751,320.266666666667,2,126.45,0,3,1,31,"At Risk",252.9,"Low"
14753,96.3729166666667,1,306.36,1,1,2,112,"Others",306.36,"Low"
14754,61.4020833333333,4,909.88,2,4,3,243,"At Risk",3639.52,"Medium"
14755,17.2215277777778,14,4962.27,3,5,5,355,"Loyal Customers",69471.78,"Very High"
14756,18.44375,2,1914.8,3,3,4,334,"Loyal Customers",3829.6,"Medium"
14758,32.4298611111111,3,1380.91,3,3,4,334,"Loyal Customers",4142.73,"Medium"
14761,80.2354166666667,1,192.02,1,1,1,111,"Others",192.02,"Low"
14762,262.184027777778,1,117.05,0,1,1,11,"Others",117.05,"Low"
14766,2.18611111111111,6,4082.76,4,4,5,445,"Champions",24496.56,"High"
14767,110.213194444444,1,382.81,1,1,2,112,"Others",382.81,"Low"
14769,26.2652777777778,9,5097.13,3,5,5,355,"Loyal Customers",45874.17,"Very High"
14770,103.386111111111,6,2761.22,1,4,5,145,"At Risk",16567.32,"High"
14771,257.297916666667,2,594.62,0,3,3,33,"At Risk",1189.24,"Medium"
14773,228.397222222222,1,140.55,0,1,1,11,"Others",140.55,"Low"
14774,164.315972222222,1,241.45,1,1,1,111,"Others",241.45,"Low"
14775,8.14097222222222,1,406.56,4,1,2,412,"Potential Loyalists",406.56,"Low"
14776,23.4222222222222,4,1170,3,4,4,344,"Loyal Customers",4680,"Medium"
14777,39.2993055555556,1,307.56,2,1,2,212,"Others",307.56,"Low"
14783,295.15625,1,307.3,0,1,2,12,"Others",307.3,"Low"
14784,25.425,1,159.94,3,1,1,311,"Others",159.94,"Low"
14786,186.263194444444,1,90.96,0,1,1,11,"Others",90.96,"Low"
14787,107.224305555556,1,110.65,1,1,1,111,"Others",110.65,"Low"
14788,232.072916666667,1,476.88,0,1,2,12,"Others",476.88,"Low"
14790,10.0944444444444,6,1781.56,4,4,4,444,"Champions",10689.36,"High"
14791,242.400694444444,1,303.63,0,1,2,12,"Others",303.63,"Low"
14793,171.129861111111,1,396.91,1,1,2,112,"Others",396.91,"Low"
14794,38.4548611111111,3,633.99,2,3,3,233,"At Risk",1901.97,"Medium"
14796,2.38958333333333,11,2865.05,4,5,5,455,"Champions",31515.55,"Very High"
14797,143.245833333333,1,300.31,1,1,2,112,"Others",300.31,"Low"
14798,17.1680555555556,5,550.57,3,4,3,343,"Loyal Customers",2752.85,"Medium"
14799,373.363194444444,1,180.45,0,1,1,11,"Others",180.45,"Low"
14800,5.36875,6,3415.38,4,4,5,445,"Champions",20492.28,"High"
14802,74.14375,2,1502.98,1,3,4,134,"At Risk",3005.96,"Medium"
14805,40.2159722222222,3,536.15,2,3,3,233,"At Risk",1608.45,"Medium"
14806,75.1743055555555,1,110.04,1,1,1,111,"Others",110.04,"Low"
14807,26.3013888888889,2,504.14,3,3,3,333,"Loyal Customers",1008.28,"Medium"
14809,257.178472222222,2,686.76,0,3,3,33,"At Risk",1373.52,"Medium"
14810,5.32847222222222,3,446.59,4,3,2,432,"Loyal Customers",1339.77,"Medium"
14811,23.2861111111111,1,170.5,3,1,1,311,"Others",170.5,"Low"
14812,234.325,1,178.85,0,1,1,11,"Others",178.85,"Low"
14813,5.33611111111111,4,888.91,4,4,3,443,"Loyal Customers",3555.64,"Medium"
14814,217.24375,1,154.21,0,1,1,11,"Others",154.21,"Low"
14817,31.3236111111111,5,2849.52,3,4,5,345,"Loyal Customers",14247.6,"High"
14818,94.2395833333333,3,495.76,1,3,2,132,"At Risk",1487.28,"Medium"
14819,130.1125,2,184.34,1,3,1,131,"At Risk",368.68,"Low"
14820,16.1152777777778,5,767.47,3,4,3,343,"Loyal Customers",3837.35,"Medium"
14821,2.47083333333333,7,1230.15,4,5,4,454,"Champions",8611.05,"High"
14822,121.297916666667,1,157.7,1,1,1,111,"Others",157.7,"Low"
14824,15.30625,6,2895.2,3,4,5,345,"Loyal Customers",17371.2,"High"
14825,4.31319444444444,13,2698.17,4,5,5,455,"Champions",35076.21,"Very High"
14826,217.459027777778,2,385.2,0,3,2,32,"At Risk",770.4,"Low"
14828,24.1097222222222,10,7699.7,3,5,5,355,"Loyal Customers",76997,"Very High"
14829,8.15902777777778,4,995.29,4,4,4,444,"Champions",3981.16,"Medium"
14831,316.229166666667,3,1676.57,0,3,4,34,"At Risk",5029.71,"Medium"
14832,266.199305555556,1,322.69,0,1,2,12,"Others",322.69,"Low"
14833,134.413194444444,1,94.8,1,1,1,111,"Others",94.8,"Low"
14834,43.1,1,485.86,2,1,2,212,"Others",485.86,"Low"
14835,164.411805555556,2,297,1,3,2,132,"At Risk",594,"Low"
14837,78.4513888888889,5,1810.82,1,4,4,144,"At Risk",9054.1,"High"
14838,59.1770833333333,2,769.92,2,3,3,233,"At Risk",1539.84,"Medium"
14839,54.2916666666667,3,915.28,2,3,3,233,"At Risk",2745.84,"Medium"
14840,175.179861111111,1,299.86,1,1,2,112,"Others",299.86,"Low"
14841,10.2916666666667,8,3867.24,4,5,5,455,"Champions",30937.92,"Very High"
14843,72.3069444444444,1,211.8,1,1,1,111,"Others",211.8,"Low"
14844,66.3381944444444,6,3512.62,2,4,5,245,"At Risk",21075.72,"High"
14845,235.404166666667,1,150,0,1,1,11,"Others",150,"Low"
14846,63.1208333333333,1,437.4,2,1,2,212,"Others",437.4,"Low"
14847,43.4277777777778,2,1039.55,2,3,4,234,"At Risk",2079.1,"Medium"
14848,40.31875,1,310.56,2,1,2,212,"Others",310.56,"Low"
14849,9.31805555555556,21,7832.91,4,5,5,455,"Champions",164491.11,"Very High"
14850,53.1729166666667,6,1445.21,2,5,4,254,"At Risk",8671.26,"High"
14851,266.339583333333,1,318.06,0,1,2,12,"Others",318.06,"Low"
14852,60.21875,12,3295.74,2,5,5,255,"At Risk",39548.88,"Very High"
14853,59.1138888888889,3,901.07,2,3,3,233,"At Risk",2703.21,"Medium"
14854,26.225,4,1563.03,3,4,4,344,"Loyal Customers",6252.12,"High"
14855,110.266666666667,5,5874.65,1,4,5,145,"At Risk",29373.25,"High"
14857,78.2444444444444,5,2478.731,1,4,5,145,"At Risk",12393.655,"High"
14858,141.381944444444,1,180.75,1,1,1,111,"Others",180.75,"Low"
14859,190.399305555556,1,351.9,0,1,2,12,"Others",351.9,"Low"
14861,16.3631944444444,9,1254.94,3,5,4,354,"Loyal Customers",11294.46,"High"
14865,8.06805555555556,3,77.52,4,3,1,431,"Loyal Customers",232.56,"Low"
14866,2.21041666666667,8,6460.32,4,5,5,455,"Champions",51682.56,"Very High"
14867,31.3958333333333,13,2241.78,3,5,5,355,"Loyal Customers",29143.14,"High"
14868,16.2555555555556,4,1230.42,3,4,4,344,"Loyal Customers",4921.68,"Medium"
14869,24.2444444444444,4,2056.69,3,4,4,344,"Loyal Customers",8226.76,"High"
14870,49.2104166666667,5,1511.7,2,4,4,244,"At Risk",7558.5,"High"
14871,129.238194444444,5,726.89,1,4,3,143,"At Risk",3634.45,"Medium"
14872,119.310416666667,3,816.6,1,3,3,133,"At Risk",2449.8,"Medium"
14873,269.381944444444,1,334.45,0,1,2,12,"Others",334.45,"Low"
14874,171.210416666667,1,116.18,1,1,1,111,"Others",116.18,"Low"
14875,77.3972222222222,1,1397.08,1,1,4,114,"Others",1397.08,"Medium"
14876,157.211111111111,2,256.7,1,3,2,132,"At Risk",513.4,"Low"
14877,54.2861111111111,2,425.85,2,3,2,232,"At Risk",851.7,"Low"
14878,12.2416666666667,16,2600.41,4,5,5,455,"Champions",41606.56,"Very High"
14879,320.351388888889,1,185.06,0,1,1,11,"Others",185.06,"Low"
14882,26.2895833333333,12,2956.95,3,5,5,355,"Loyal Customers",35483.4,"Very High"
14884,305.295138888889,1,120.6,0,1,1,11,"Others",120.6,"Low"
14885,63.3284722222222,2,832.8,2,3,3,233,"At Risk",1665.6,"Medium"
14890,254.43125,2,691.6,0,3,3,33,"At Risk",1383.2,"Medium"
14891,52.3270833333333,2,552.35,2,3,3,233,"At Risk",1104.7,"Medium"
14892,326.460416666667,1,202.35,0,1,1,11,"Others",202.35,"Low"
14893,253.456944444444,1,571.76,0,1,3,13,"Others",571.76,"Low"
14894,79.1930555555556,2,837.06,1,3,3,133,"At Risk",1674.12,"Medium"
14895,19.2569444444444,18,13980.83,3,5,5,355,"Loyal Customers",251654.94,"Very High"
14896,1.31736111111111,7,1614.45,4,5,4,454,"Champions",11301.15,"High"
14897,45.3638888888889,4,1774.16,2,4,4,244,"At Risk",7096.64,"High"
14898,7.19166666666667,9,2195.14,4,5,5,455,"Champions",19756.26,"High"
14899,31.1951388888889,1,1331.38,3,1,4,314,"Others",1331.38,"Medium"
14900,158.202777777778,1,13.92,1,1,1,111,"Others",13.92,"Low"
14901,2.38541666666667,5,860.11,4,4,3,443,"Loyal Customers",4300.55,"Medium"
14902,31.3972222222222,2,702.96,3,3,3,333,"Loyal Customers",1405.92,"Medium"
14904,44.18125,2,605.05,2,3,3,233,"At Risk",1210.1,"Medium"
14905,10.3708333333333,6,1355.24,4,5,4,454,"Champions",8131.44,"High"
14906,81.1465277777778,1,68.44,1,1,1,111,"Others",68.44,"Low"
14907,3.40763888888889,10,2664.69,4,5,5,455,"Champions",26646.9,"High"
14908,99.1402777777778,1,104.1,1,1,1,111,"Others",104.1,"Low"
14909,73.1284722222222,3,1404.68,1,3,4,134,"At Risk",4214.04,"Medium"
14911,1.32222222222222,205,152121.22,4,5,5,455,"Champions",31184850.1,"Very High"
14912,37.4236111111111,4,1021.4,2,4,4,244,"At Risk",4085.6,"Medium"
14913,24.1326388888889,4,2845.7,3,4,5,345,"Loyal Customers",11382.8,"High"
14915,11.4847222222222,9,1503.77,4,5,4,454,"Champions",13533.93,"High"
14916,67.2277777777778,4,1773.97,2,4,4,244,"At Risk",7095.88,"High"
14917,232.35625,2,1123.75,0,3,4,34,"At Risk",2247.5,"Medium"
14918,40.3055555555556,7,4345.66,2,5,5,255,"At Risk",30419.62,"High"
14919,175.288194444444,1,359.35,1,1,2,112,"Others",359.35,"Low"
14920,201.191666666667,1,629.4,0,1,3,13,"Others",629.4,"Low"
14922,29.3659722222222,2,843.74,3,3,3,333,"Loyal Customers",1687.48,"Medium"
14924,246.18125,2,620.96,0,3,3,33,"At Risk",1241.92,"Medium"
14926,17.5333333333333,2,359.4,3,3,2,332,"Loyal Customers",718.8,"Low"
14927,32.3131944444444,1,308.2,3,1,2,312,"Others",308.2,"Low"
14928,263.449305555556,1,223.91,0,1,1,11,"Others",223.91,"Low"
14929,57.31875,1,612.81,2,1,3,213,"Others",612.81,"Low"
14930,106.345833333333,3,2873.77,1,3,5,135,"At Risk",8621.31,"High"
14932,1.34236111111111,2,666.13,4,3,3,433,"Loyal Customers",1332.26,"Medium"
14933,79.3847222222222,4,1770,1,4,4,144,"At Risk",7080,"High"
14934,14.3590277777778,3,1612.56,4,3,4,434,"Loyal Customers",4837.68,"Medium"
14935,255.342361111111,1,1065.12,0,1,4,14,"Others",1065.12,"Medium"
14936,26.3534722222222,4,4273.79,3,4,5,345,"Loyal Customers",17095.16,"High"
14938,198.265972222222,2,2322.43,0,3,5,35,"At Risk",4644.86,"Medium"
14940,53.3847222222222,2,531.49,2,3,3,233,"At Risk",1062.98,"Medium"
14941,214.354861111111,1,182.1,0,1,1,11,"Others",182.1,"Low"
14942,37.3819444444444,4,746.56,2,4,3,243,"At Risk",2986.24,"Medium"
14943,299.164583333333,1,107.62,0,1,1,11,"Others",107.62,"Low"
14944,25.3854166666667,7,3884.42,3,5,5,355,"Loyal Customers",27190.94,"High"
14945,49.3576388888889,1,179.4,2,1,1,211,"Others",179.4,"Low"
14947,24.0631944444444,4,758.97,3,4,3,343,"Loyal Customers",3035.88,"Medium"
14949,105.182638888889,4,515,1,4,3,143,"At Risk",2060,"Medium"
14952,32.3194444444444,21,9529.86,3,5,5,355,"Loyal Customers",200127.06,"Very High"
14953,54.2979166666667,3,685.65,2,3,3,233,"At Risk",2056.95,"Medium"
14954,339.140972222222,1,167.27,0,1,1,11,"Others",167.27,"Low"
14955,368.351388888889,1,163.77,0,1,1,11,"Others",163.77,"Low"
14956,57.1395833333333,1,1325,2,1,4,214,"Others",1325,"Medium"
14957,280.382638888889,1,203.2,0,1,1,11,"Others",203.2,"Low"
14958,231.229166666667,3,458.26,0,3,2,32,"At Risk",1374.78,"Medium"
14961,15.4270833333333,13,9365.47,3,5,5,355,"Loyal Customers",121751.11,"Very High"
14962,175.169444444444,3,240.21,1,3,1,131,"At Risk",720.63,"Low"
14963,15.3625,7,1651.23,3,5,4,354,"Loyal Customers",11558.61,"High"
14966,23.2826388888889,5,881.24,3,4,3,343,"Loyal Customers",4406.2,"Medium"
14967,77.3680555555556,5,1518.81,1,4,4,144,"At Risk",7594.05,"High"
14968,94.2729166666667,1,353.65,1,1,2,112,"Others",353.65,"Low"
14969,339.304166666667,1,906.23,0,1,3,13,"Others",906.23,"Low"
14970,45.1430555555556,8,3327.29,2,5,5,255,"At Risk",26618.32,"High"
14972,17.1555555555556,1,30.3,3,1,1,311,"Others",30.3,"Low"
14975,57.2430555555556,1,192.45,2,1,1,211,"Others",192.45,"Low"
14977,361.391666666667,1,31.93,0,1,1,11,"Others",31.93,"Low"
14978,66.25625,5,1190.82,2,4,4,244,"At Risk",5954.1,"High"
14979,371.296527777778,1,429.66,0,1,2,12,"Others",429.66,"Low"
14980,373.244444444444,1,150.68,0,1,1,11,"Others",150.68,"Low"
14981,59.3729166666667,1,270.8,2,1,2,212,"Others",270.8,"Low"
14982,208.172916666667,1,237.78,0,1,1,11,"Others",237.78,"Low"
14983,325.103472222222,1,183.2,0,1,1,11,"Others",183.2,"Low"
14984,24.3923611111111,4,1058.14,3,4,4,344,"Loyal Customers",4232.56,"Medium"
14986,12.1916666666667,2,563.1,4,3,3,433,"Loyal Customers",1126.2,"Medium"
14987,1.325,7,1387.45,4,5,4,454,"Champions",9712.15,"High"
14988,16.2972222222222,6,1704.11,3,5,4,354,"Loyal Customers",10224.66,"High"
14989,297.389583333333,1,342.4,0,1,2,12,"Others",342.4,"Low"
14990,248.254861111111,2,304.17,0,3,2,32,"At Risk",608.34,"Low"
14991,66.2916666666667,1,314.67,2,1,2,212,"Others",314.67,"Low"
14992,78.0923611111111,1,210.5,1,1,1,111,"Others",210.5,"Low"
14993,199.301388888889,1,36.13,0,1,1,11,"Others",36.13,"Low"
14994,18.2930555555556,5,946.72,3,4,3,343,"Loyal Customers",4733.6,"Medium"
14996,117.261805555556,2,442.29,1,3,2,132,"At Risk",884.58,"Low"
14997,291.326388888889,1,230.4,0,1,1,11,"Others",230.4,"Low"
14998,64.0506944444444,2,338.31,2,3,2,232,"At Risk",676.62,"Low"
14999,228.384722222222,1,129.48,0,1,1,11,"Others",129.48,"Low"
15001,30.2569444444444,2,199.11,3,3,1,331,"Loyal Customers",398.22,"Low"
15002,3.28125,6,3127.97,4,5,5,455,"Champions",18767.82,"High"
15003,109.178472222222,6,1027.03,1,5,4,154,"At Risk",6162.18,"High"
15005,2.22569444444444,29,7681.71,4,5,5,455,"Champions",222769.59,"Very High"
15006,89.2902777777778,1,277.4,1,1,2,112,"Others",277.4,"Low"
15008,116.286111111111,2,360,1,3,2,132,"At Risk",720,"Low"
15011,31.36875,2,416.6,3,3,2,332,"Loyal Customers",833.2,"Low"
15012,9.3,2,429.78,4,3,2,432,"Loyal Customers",859.56,"Low"
15013,123.330555555556,10,1610.82,1,5,4,154,"At Risk",16108.2,"High"
15015,137.257638888889,13,2354.97,1,5,5,155,"At Risk",30614.61,"Very High"
15016,29.1465277777778,4,450.85,3,4,2,342,"Loyal Customers",1803.4,"Medium"
15018,3.38472222222222,1,111.25,4,1,1,411,"Potential Loyalists",111.25,"Low"
15020,15.2722222222222,1,198.47,3,1,1,311,"Others",198.47,"Low"
15021,2.32222222222222,4,826.91,4,4,3,443,"Loyal Customers",3307.64,"Medium"
15022,313.165972222222,1,281.05,0,1,2,12,"Others",281.05,"Low"
15023,5.25833333333333,10,5287.64,4,5,5,455,"Champions",52876.4,"Very High"
15024,3.12222222222222,8,2414.18,4,5,5,455,"Champions",19313.44,"High"
15025,204.272916666667,1,617.83,0,1,3,13,"Others",617.83,"Low"
15026,11.2576388888889,2,579.89,4,3,3,433,"Loyal Customers",1159.78,"Medium"
15027,31.1305555555556,6,2129.45,3,5,4,354,"Loyal Customers",12776.7,"High"
15028,4.30138888888889,3,521.78,4,3,3,433,"Loyal Customers",1565.34,"Medium"
15029,255.322916666667,1,365.1,0,1,2,12,"Others",365.1,"Low"
15030,16.2111111111111,6,1461.63,3,5,4,354,"Loyal Customers",8769.78,"High"
15031,30.1576388888889,10,2449.75,3,5,5,355,"Loyal Customers",24497.5,"High"
15032,2.27152777777778,7,8821.55,4,5,5,455,"Champions",61750.85,"Very High"
15034,22.2458333333333,6,3957.04,3,5,5,355,"Loyal Customers",23742.24,"High"
15037,12.2888888888889,2,397.76,4,3,2,432,"Loyal Customers",795.52,"Low"
15038,5.37986111111111,4,579.67,4,4,3,443,"Loyal Customers",2318.68,"Medium"
15039,4.35763888888889,47,19960.3,4,5,5,455,"Champions",938134.1,"Very High"
15040,177.347916666667,1,7.49,0,1,1,11,"Others",7.49,"Low"
15041,80.28125,1,109.47,1,1,1,111,"Others",109.47,"Low"
15042,231.25,1,179.52,0,1,1,11,"Others",179.52,"Low"
15043,99.2027777777778,5,2333.32,1,4,5,145,"At Risk",11666.6,"High"
15044,15.2833333333333,18,8389.42,3,5,5,355,"Loyal Customers",151009.56,"Very High"
15046,61.3277777777778,10,2533.37,2,5,5,255,"At Risk",25333.7,"High"
15048,4.32361111111111,1,98.7,4,1,1,411,"Potential Loyalists",98.7,"Low"
15050,57.2381944444444,2,2349.5,2,3,5,235,"At Risk",4699,"Medium"
15051,15.1354166666667,6,2543.55,4,5,5,455,"Champions",15261.3,"High"
15055,110.371527777778,3,549.12,1,3,3,133,"At Risk",1647.36,"Medium"
15056,156.16875,1,113.65,1,1,1,111,"Others",113.65,"Low"
15057,79.2354166666667,3,1766.46,1,3,4,134,"At Risk",5299.38,"Medium"
15058,12.3881944444444,5,1285.04,4,4,4,444,"Champions",6425.2,"High"
15059,12.3659722222222,10,2153.48,4,5,5,455,"Champions",21534.8,"High"
15061,3.25763888888889,86,83284.38,4,5,5,455,"Champions",7162456.68,"Very High"
15062,59.3909722222222,4,1597.76,2,4,4,244,"At Risk",6391.04,"High"
15064,46.2284722222222,4,1254.41,2,4,4,244,"At Risk",5017.64,"Medium"
15065,46.45,1,168.73,2,1,1,211,"Others",168.73,"Low"
15067,49.2298611111111,2,2118.12,2,3,4,234,"At Risk",4236.24,"Medium"
15068,54.1618055555556,2,621.54,2,3,3,233,"At Risk",1243.08,"Medium"
15070,8.35972222222222,3,737.05,4,3,3,433,"Loyal Customers",2211.15,"Medium"
15071,22.2715277777778,2,473.49,3,3,2,332,"Loyal Customers",946.98,"Low"
15072,115.177083333333,1,187.52,1,1,1,111,"Others",187.52,"Low"
15073,36.3993055555556,5,1744.61,2,4,4,244,"At Risk",8723.05,"High"
15074,65.175,2,817.46,2,3,3,233,"At Risk",1634.92,"Medium"
15076,128.266666666667,2,566.89,1,3,3,133,"At Risk",1133.78,"Medium"
15077,130.366666666667,2,2428.08,1,3,5,135,"At Risk",4856.16,"Medium"
15078,4.30694444444444,23,8018.77,4,5,5,455,"Champions",184431.71,"Very High"
15079,1.44166666666667,8,2871.74,4,5,5,455,"Champions",22973.92,"High"
15080,63.3395833333333,2,546.25,2,3,3,233,"At Risk",1092.5,"Medium"
15081,3.15347222222222,8,1460.92,4,5,4,454,"Champions",11687.36,"High"
15082,304.401388888889,1,93.35,0,1,1,11,"Others",93.35,"Low"
15084,15.3354166666667,2,965.2,3,3,3,333,"Loyal Customers",1930.4,"Medium"
15085,365.343055555556,1,347.54,0,1,2,12,"Others",347.54,"Low"
15086,200.315277777778,2,218.53,0,3,1,31,"At Risk",437.06,"Low"
15091,310.340972222222,2,565.9,0,3,3,33,"At Risk",1131.8,"Medium"
15092,98.3111111111111,1,318.65,1,1,2,112,"Others",318.65,"Low"
15093,8.06666666666667,18,9729.09,4,5,5,455,"Champions",175123.62,"Very High"
15094,99.1291666666667,2,83,1,3,1,131,"At Risk",166,"Low"
15095,56.3430555555556,6,1771.04,2,5,4,254,"At Risk",10626.24,"High"
15097,219.227777777778,2,660.27,0,3,3,33,"At Risk",1320.54,"Medium"
15100,2.32777777777778,6,2018.7,4,5,4,454,"Champions",12112.2,"High"
15101,151.385416666667,4,1160.41,1,4,4,144,"At Risk",4641.64,"Medium"
15102,166.322916666667,2,554.67,1,3,3,133,"At Risk",1109.34,"Medium"
15105,66.2423611111111,2,795.98,2,3,3,233,"At Risk",1591.96,"Medium"
15107,8.26111111111111,4,620.85,4,4,3,443,"Loyal Customers",2483.4,"Medium"
15109,215.261805555556,2,498.15,0,3,2,32,"At Risk",996.3,"Medium"
15110,39.3958333333333,2,509.75,2,3,3,233,"At Risk",1019.5,"Medium"
15111,8.34444444444444,3,1163.39,4,3,4,434,"Loyal Customers",3490.17,"Medium"
15112,247.238888888889,1,209.4,0,1,1,11,"Others",209.4,"Low"
15114,19.1576388888889,2,639.56,3,3,3,333,"Loyal Customers",1279.12,"Medium"
15115,368.361805555556,1,191.74,0,1,1,11,"Others",191.74,"Low"
15117,84.2194444444444,3,934.19,1,3,3,133,"At Risk",2802.57,"Medium"
15122,58.4298611111111,8,2853.49,2,5,5,255,"At Risk",22827.92,"High"
15123,57.1465277777778,3,2456.86,2,3,5,235,"At Risk",7370.58,"High"
15124,112.3125,2,266.63,1,3,2,132,"At Risk",533.26,"Low"
15125,115.421527777778,9,5496.39,1,5,5,155,"At Risk",49467.51,"Very High"
15126,172.3125,2,449.49,1,3,2,132,"At Risk",898.98,"Low"
15127,155.4125,1,304.97,1,1,2,112,"Others",304.97,"Low"
15128,66.1354166666667,1,312.68,2,1,2,212,"Others",312.68,"Low"
15129,21.3423611111111,12,3412.78,3,5,5,355,"Loyal Customers",40953.36,"Very High"
15131,30.3291666666667,1,80.28,3,1,1,311,"Others",80.28,"Low"
15133,18.1979166666667,2,824.48,3,3,3,333,"Loyal Customers",1648.96,"Medium"
15134,17.2097222222222,2,208.3,3,3,1,331,"Loyal Customers",416.6,"Low"
15135,192.269444444444,1,166.63,0,1,1,11,"Others",166.63,"Low"
15137,156.430555555556,2,823.4,1,3,3,133,"At Risk",1646.8,"Medium"
15138,29.4479166666667,1,502.52,3,1,3,313,"Others",502.52,"Low"
15140,78.2875,1,889.44,1,1,3,113,"Others",889.44,"Low"
15141,93.3527777777778,7,1388.47,1,5,4,154,"At Risk",9719.29,"High"
15142,46.1840277777778,5,2121.18,2,4,4,244,"At Risk",10605.9,"High"
15143,68.2520833333333,1,304.18,2,1,2,212,"Others",304.18,"Low"
15144,15.0493055555556,12,5579.87,4,5,5,455,"Champions",66958.44,"Very High"
15149,212.164583333333,4,1033.81,0,4,4,44,"At Risk",4135.24,"Medium"
15150,92.1125,3,3686.61,1,3,5,135,"At Risk",11059.83,"High"
15151,59.1416666666667,2,2085.61,2,3,4,234,"At Risk",4171.22,"Medium"
15152,337.198611111111,1,518.14,0,1,3,13,"Others",518.14,"Low"
15154,114.095833333333,2,1089.44,1,3,4,134,"At Risk",2178.88,"Medium"
15155,19.2930555555556,1,383.97,3,1,2,312,"Others",383.97,"Low"
15157,205.272222222222,2,718.04,0,3,3,33,"At Risk",1436.08,"Medium"
15158,37.2604166666667,1,204.62,2,1,1,211,"Others",204.62,"Low"
15159,31.3680555555556,4,3475.72,3,4,5,345,"Loyal Customers",13902.88,"High"
15160,10.1805555555556,3,431.11,4,3,2,432,"Loyal Customers",1293.33,"Medium"
15161,24.1618055555556,1,119.92,3,1,1,311,"Others",119.92,"Low"
15162,367.282638888889,1,312.9,0,1,2,12,"Others",312.9,"Low"
15164,25.1180555555556,6,1203.53,3,5,4,354,"Loyal Customers",7221.18,"High"
15165,9.24861111111111,1,487.75,4,1,2,412,"Potential Loyalists",487.75,"Low"
15166,103.3125,1,167.16,1,1,1,111,"Others",167.16,"Low"
15167,43.2375,4,1468.82,2,4,4,244,"At Risk",5875.28,"High"
15169,18.2895833333333,2,569.22,3,3,3,333,"Loyal Customers",1138.44,"Medium"
15170,42.39375,1,81.15,2,1,1,211,"Others",81.15,"Low"
15173,16.4027777777778,7,1494.6,3,5,4,354,"Loyal Customers",10462.2,"High"
15174,46.43125,1,345.71,2,1,2,212,"Others",345.71,"Low"
15176,303.392361111111,1,988.04,0,1,4,14,"Others",988.04,"Medium"
15177,61.3006944444444,1,948.93,2,1,3,213,"Others",948.93,"Low"
15179,28.1847222222222,8,5284.97,3,5,5,355,"Loyal Customers",42279.76,"Very High"
15180,3.21111111111111,3,816.93,4,3,3,433,"Loyal Customers",2450.79,"Medium"
15181,56.3430555555556,2,510.72,2,3,3,233,"At Risk",1021.44,"Medium"
15182,21.3958333333333,9,2376.102,3,5,5,355,"Loyal Customers",21384.918,"High"
15183,183.3875,3,639.93,0,3,3,33,"At Risk",1919.79,"Medium"
15184,23.3055555555556,2,283.19,3,3,2,332,"Loyal Customers",566.38,"Low"
15186,110.209027777778,3,991.79,1,3,4,134,"At Risk",2975.37,"Medium"
15188,361.271527777778,1,310.43,0,1,2,12,"Others",310.43,"Low"
15189,17.0513888888889,5,1298.99,3,4,4,344,"Loyal Customers",6494.95,"High"
15190,70.2861111111111,1,834.44,2,1,3,213,"Others",834.44,"Low"
15191,99.1833333333333,3,588.05,1,3,3,133,"At Risk",1764.15,"Medium"
15192,1.21180555555556,3,937.07,4,3,3,433,"Loyal Customers",2811.21,"Medium"
15194,4.20902777777778,14,4811.16,4,5,5,455,"Champions",67356.24,"Very High"
15196,68.3826388888889,2,313.7,2,3,2,232,"At Risk",627.4,"Low"
15197,30.3375,3,797.9,3,3,3,333,"Loyal Customers",2393.7,"Medium"
15198,44.3951388888889,3,377.71,2,3,2,232,"At Risk",1133.13,"Medium"
15199,10.3784722222222,6,1853.7,4,5,4,454,"Champions",11122.2,"High"
15200,130.432638888889,1,549.05,1,1,3,113,"Others",549.05,"Low"
15201,75.3826388888889,2,606.41,1,3,3,133,"At Risk",1212.82,"Medium"
15202,56.2888888888889,3,6001.49,2,3,5,235,"At Risk",18004.47,"High"
15203,26.3243055555556,9,2572.38,3,5,5,355,"Loyal Customers",23151.42,"High"
15207,52.2722222222222,3,683.92,2,3,3,233,"At Risk",2051.76,"Medium"
15208,59.3222222222222,1,100.4,2,1,1,211,"Others",100.4,"Low"
15209,366.107638888889,1,178.98,0,1,1,11,"Others",178.98,"Low"
15210,14.4527777777778,2,845.01,4,3,3,433,"Loyal Customers",1690.02,"Medium"
15211,1.16180555555556,1,383.07,4,1,2,412,"Potential Loyalists",383.07,"Low"
15212,12.3861111111111,1,106.48,4,1,1,411,"Potential Loyalists",106.48,"Low"
15215,29.3826388888889,4,1687.49,3,4,4,344,"Loyal Customers",6749.96,"High"
15216,254.422916666667,1,389.49,0,1,2,12,"Others",389.49,"Low"
15217,199.256944444444,1,426.24,0,1,2,12,"Others",426.24,"Low"
15218,25.3486111111111,11,5711.94,3,5,5,355,"Loyal Customers",62831.34,"Very High"
15219,284.352777777778,1,379.7,0,1,2,12,"Others",379.7,"Low"
15221,2.28680555555556,4,2062.2,4,4,4,444,"Champions",8248.8,"High"
15222,108.390277777778,10,2965.91,1,5,5,155,"At Risk",29659.1,"High"
15223,245.352083333333,3,662.2,0,3,3,33,"At Risk",1986.6,"Medium"
15224,148.453472222222,3,549.28,1,3,3,133,"At Risk",1647.84,"Medium"
15227,32.2708333333333,4,1269.09,3,4,4,344,"Loyal Customers",5076.36,"Medium"
15228,64.2340277777778,2,2193.56,2,3,5,235,"At Risk",4387.12,"Medium"
15229,222.257638888889,1,160.5,0,1,1,11,"Others",160.5,"Low"
15231,257.200694444444,1,250.26,0,1,1,11,"Others",250.26,"Low"
15233,37.2673611111111,1,59.4,2,1,1,211,"Others",59.4,"Low"
15235,5.20763888888889,6,690.3,4,5,3,453,"Loyal Customers",4141.8,"Medium"
15240,10.3402777777778,7,2753.41,4,5,5,455,"Champions",19273.87,"High"
15241,66.4659722222222,3,1293.72,2,3,4,234,"At Risk",3881.16,"Medium"
15242,58.1861111111111,1,302.04,2,1,2,212,"Others",302.04,"Low"
15243,71.10625,1,610.6,2,1,3,213,"Others",610.6,"Low"
15244,302.217361111111,1,280.51,0,1,2,12,"Others",280.51,"Low"
15245,38.29375,5,2095,2,4,4,244,"At Risk",10475,"High"
15246,191.35625,1,266.25,0,1,2,12,"Others",266.25,"Low"
15247,113.408333333333,2,620.06,1,3,3,133,"At Risk",1240.12,"Medium"
15248,47.2861111111111,3,1893.93,2,3,4,234,"At Risk",5681.79,"High"
15249,66.14375,5,2577.54,2,4,5,245,"At Risk",12887.7,"High"
15250,276.518055555556,1,60,0,1,1,11,"Others",60,"Low"
15251,50.2305555555556,10,9839.55,2,5,5,255,"At Risk",98395.5,"Very High"
15252,57.3305555555556,3,1362.63,2,3,4,234,"At Risk",4087.89,"Medium"
15253,39.2604166666667,3,1136.89,2,3,4,234,"At Risk",3410.67,"Medium"
15254,182.396527777778,2,787.99,0,3,3,33,"At Risk",1575.98,"Medium"
15255,32.2006944444444,8,2815.17,3,5,5,355,"Loyal Customers",22521.36,"High"
15256,197.347222222222,1,71.95,0,1,1,11,"Others",71.95,"Low"
15257,50.2486111111111,1,368.75,2,1,2,212,"Others",368.75,"Low"
15259,148.468055555556,4,1182.38,1,4,4,144,"At Risk",4729.52,"Medium"
15260,8.32777777777778,20,7377.46,4,5,5,455,"Champions",147549.2,"Very High"
15261,17.45,3,1253.18,3,3,4,334,"Loyal Customers",3759.54,"Medium"
15262,16.2777777777778,2,239.87,3,3,1,331,"Loyal Customers",479.74,"Low"
15264,166.272222222222,1,454.66,1,1,2,112,"Others",454.66,"Low"
15265,240.361805555556,2,1839.52,0,3,4,34,"At Risk",3679.04,"Medium"
15266,15.1423611111111,4,732.91,4,4,3,443,"Loyal Customers",2931.64,"Medium"
15268,114.394444444444,3,961.9,1,3,3,133,"At Risk",2885.7,"Medium"
15269,16.1868055555556,2,816.56,3,3,3,333,"Loyal Customers",1633.12,"Medium"
15270,36.3423611111111,14,6145.37,2,5,5,255,"At Risk",86035.18,"Very High"
15271,1.25972222222222,10,2146.95,4,5,5,455,"Champions",21469.5,"High"
15272,86.1208333333333,4,1309.01,1,4,4,144,"At Risk",5236.04,"Medium"
15273,235.354166666667,1,228.96,0,1,1,11,"Others",228.96,"Low"
15276,30.1625,3,491.17,3,3,2,332,"Loyal Customers",1473.51,"Medium"
15277,61.1659722222222,1,220.44,2,1,1,211,"Others",220.44,"Low"
15278,197.415277777778,4,496.16,0,4,2,42,"At Risk",1984.64,"Medium"
15279,16.2902777777778,4,1290.03,3,4,4,344,"Loyal Customers",5160.12,"Medium"
15280,124.319444444444,2,284.4,1,3,2,132,"At Risk",568.8,"Low"
15281,14.1458333333333,7,6211.42,4,5,5,455,"Champions",43479.94,"Very High"
15282,206.148611111111,1,348.59,0,1,2,12,"Others",348.59,"Low"
15283,26.2131944444444,3,148.33,3,3,1,331,"Loyal Customers",444.99,"Low"
15284,136.275,1,24.75,1,1,1,111,"Others",24.75,"Low"
15285,43.4270833333333,1,94.92,2,1,1,211,"Others",94.92,"Low"
15287,15.3972222222222,3,369.34,3,3,2,332,"Loyal Customers",1108.02,"Medium"
15288,1.25138888888889,6,1574.51,4,5,4,454,"Champions",9447.06,"High"
15289,94.3076388888889,2,653.31,1,3,3,133,"At Risk",1306.62,"Medium"
15290,29.33125,8,2553.06,3,5,5,355,"Loyal Customers",20424.48,"High"
15291,9.43680555555556,26,9178.26,4,5,5,455,"Champions",238634.76,"Very High"
15293,301.338194444444,1,247.5,0,1,1,11,"Others",247.5,"Low"
15294,46.3444444444444,1,233.35,2,1,1,211,"Others",233.35,"Low"
15295,290.290277777778,1,207.04,0,1,1,11,"Others",207.04,"Low"
15296,56.4361111111111,6,6650.17,2,5,5,255,"At Risk",39901.02,"Very High"
15298,2.25416666666667,12,4659.47,4,5,5,455,"Champions",55913.64,"Very High"
15299,8.13194444444444,6,3484.53,4,5,5,455,"Champions",20907.18,"High"
15301,4.31944444444444,6,2533.09,4,5,5,455,"Champions",15198.54,"High"
15302,366.284722222222,1,308,0,1,2,12,"Others",308,"Low"
15303,201.324305555556,2,650.16,0,3,3,33,"At Risk",1300.32,"Medium"
15304,4.34652777777778,2,225.15,4,3,1,431,"Loyal Customers",450.3,"Low"
15305,191.257638888889,1,93.6,0,1,1,11,"Others",93.6,"Low"
15306,136.223611111111,6,2310.38,1,5,5,155,"At Risk",13862.28,"High"
15309,246.368055555556,4,797.96,0,4,3,43,"At Risk",3191.84,"Medium"
15310,114.349305555556,1,1634.64,1,1,4,114,"Others",1634.64,"Medium"
15311,1.24027777777778,121,55942.74,4,5,5,455,"Champions",6769071.54,"Very High"
15312,19.2020833333333,8,2005.34,3,5,4,354,"Loyal Customers",16042.72,"High"
15314,49.3208333333333,2,492.48,2,3,2,232,"At Risk",984.96,"Medium"
15317,313.170833333333,1,129.75,0,1,1,11,"Others",129.75,"Low"
15321,73.0763888888889,9,3961.42,1,5,5,155,"At Risk",35652.78,"Very High"
15322,112.285416666667,1,711.18,1,1,3,113,"Others",711.18,"Low"
15323,198.416666666667,3,434.6,0,3,2,32,"At Risk",1303.8,"Medium"
15324,337.225,1,140.22,0,1,1,11,"Others",140.22,"Low"
15325,31.2826388888889,7,1439.72,3,5,4,354,"Loyal Customers",10078.04,"High"
15326,245.19375,4,1388.81,0,4,4,44,"At Risk",5555.24,"High"
15328,43.4555555555556,1,107.24,2,1,1,211,"Others",107.24,"Low"
15329,10.3590277777778,8,1909.13,4,5,4,454,"Champions",15273.04,"High"
15331,135.429861111111,3,767.91,1,3,3,133,"At Risk",2303.73,"Medium"
15332,2.22083333333333,6,4892.68,4,5,5,455,"Champions",29356.08,"High"
15336,37.3069444444444,1,240.5,2,1,1,211,"Others",240.5,"Low"
15337,47.1888888888889,1,373.02,2,1,2,212,"Others",373.02,"Low"
15338,313.233333333333,1,277.93,0,1,2,12,"Others",277.93,"Low"
15339,57.2479166666667,5,1246.95,2,4,4,244,"At Risk",6234.75,"High"
15340,197.398611111111,1,105.5,0,1,1,11,"Others",105.5,"Low"
15341,85.1388888888889,1,382.2,1,1,2,112,"Others",382.2,"Low"
15346,61.2541666666667,2,343.7,2,3,2,232,"At Risk",687.4,"Low"
15347,2.19166666666667,4,1162,4,4,4,444,"Champions",4648,"Medium"
15350,9.26944444444444,2,547.6,4,3,3,433,"Loyal Customers",1095.2,"Medium"
15351,5.34166666666667,4,1770.23,4,4,4,444,"Champions",7080.92,"High"
15352,184.35625,1,111.15,0,1,1,11,"Others",111.15,"Low"
15353,3.34166666666667,6,2336,4,5,5,455,"Champions",14016,"High"
15354,239.150694444444,3,284.4,0,3,2,32,"At Risk",853.2,"Low"
15356,4.24722222222222,4,664.66,4,4,3,443,"Loyal Customers",2658.64,"Medium"
15358,1.41458333333333,22,8703.21,4,5,5,455,"Champions",191470.62,"Very High"
15359,298.384722222222,8,181.35,0,5,1,51,"At Risk",1450.8,"Medium"
15361,162.240277777778,3,270.15,1,3,2,132,"At Risk",810.45,"Low"
15362,84.3916666666667,2,613.08,1,3,3,133,"At Risk",1226.16,"Medium"
15363,8.31458333333333,2,678.11,4,3,3,433,"Loyal Customers",1356.22,"Medium"
15365,39.3868055555556,6,2242.81,2,5,5,255,"At Risk",13456.86,"High"
15366,45.4229166666667,5,1786.57,2,4,4,244,"At Risk",8932.85,"High"
15367,54.2055555555556,7,3203.74,2,5,5,255,"At Risk",22426.18,"High"
15368,30.1729166666667,1,275.8,3,1,2,312,"Others",275.8,"Low"
15369,128.254861111111,11,6251.26,1,5,5,155,"At Risk",68763.86,"Very High"
15370,46.3284722222222,1,1352.96,2,1,4,214,"Others",1352.96,"Medium"
15371,298.282638888889,1,59.4,0,1,1,11,"Others",59.4,"Low"
15372,86.2145833333333,7,4009.66,1,5,5,155,"At Risk",28067.62,"High"
15373,7.22291666666667,6,1002.93,4,5,4,454,"Champions",6017.58,"High"
15374,260.331944444444,1,139.32,0,1,1,11,"Others",139.32,"Low"
15375,326.182638888889,1,60.96,0,1,1,11,"Others",60.96,"Low"
15377,18.4625,4,1211.75,3,4,4,344,"Loyal Customers",4847,"Medium"
15378,98.3548611111111,2,246.5,1,3,1,131,"At Risk",493,"Low"
15379,36.3347222222222,1,1174.55,2,1,4,214,"Others",1174.55,"Medium"
15380,1.20833333333333,7,1788.8,4,5,4,454,"Champions",12521.6,"High"
15381,59.2701388888889,3,1293.72,2,3,4,234,"At Risk",3881.16,"Medium"
15382,10.4270833333333,6,7777.84,4,5,5,455,"Champions",46667.04,"Very High"
15384,17.33125,2,1385.38,3,3,4,334,"Loyal Customers",2770.76,"Medium"
15385,28.3145833333333,2,625.2,3,3,3,333,"Loyal Customers",1250.4,"Medium"
15387,128.163888888889,1,468.65,1,1,2,112,"Others",468.65,"Low"
15389,36.0263888888889,4,2233.8,3,4,5,345,"Loyal Customers",8935.2,"High"
15390,32.1958333333333,2,1216.66,3,3,4,334,"Loyal Customers",2433.32,"Medium"
15391,220.20625,1,289.87,0,1,2,12,"Others",289.87,"Low"
15392,10.4243055555556,3,1376.09,4,3,4,434,"Loyal Customers",4128.27,"Medium"
15393,203.352083333333,3,659.48,0,3,3,33,"At Risk",1978.44,"Medium"
15394,31.3159722222222,7,3103.26,3,5,5,355,"Loyal Customers",21722.82,"High"
15396,219.45625,1,508.2,0,1,3,13,"Others",508.2,"Low"
15400,56.3340277777778,3,586.1,2,3,3,233,"At Risk",1758.3,"Medium"
15401,88.2631944444445,2,216.95,1,3,1,131,"At Risk",433.9,"Low"
15402,23.29375,4,1203.77,3,4,4,344,"Loyal Customers",4815.08,"Medium"
15403,127.319444444444,2,170.88,1,3,1,131,"At Risk",341.76,"Low"
15404,11.3736111111111,1,257.06,4,1,2,412,"Potential Loyalists",257.06,"Low"
15405,212.170138888889,1,310.74,0,1,2,12,"Others",310.74,"Low"
15406,89.2854166666667,2,465.16,1,3,2,132,"At Risk",930.32,"Low"
15409,357.184722222222,1,131.25,0,1,1,11,"Others",131.25,"Low"
15410,204.422222222222,2,1234.88,0,3,4,34,"At Risk",2469.76,"Medium"
15413,327.352777777778,5,6798.72,0,4,5,45,"At Risk",33993.6,"Very High"
15416,114.425694444444,3,588.5,1,3,3,133,"At Risk",1765.5,"Medium"
15418,61.2659722222222,2,449.42,2,3,2,232,"At Risk",898.84,"Low"
15420,70.1770833333333,6,743,2,5,3,253,"At Risk",4458,"Medium"
15421,21.2777777777778,6,2854.98,3,5,5,355,"Loyal Customers",17129.88,"High"
15422,15.1256944444444,5,1522.27,4,4,4,444,"Champions",7611.35,"High"
15423,217.444444444444,2,223.39,0,3,1,31,"At Risk",446.78,"Low"
15424,99.1138888888889,1,214.44,1,1,1,111,"Others",214.44,"Low"
15425,36.075,4,1941.12,3,4,4,344,"Loyal Customers",7764.48,"High"
15426,5.25416666666667,5,1134.85,4,4,4,444,"Champions",5674.25,"High"
15428,23.2604166666667,3,668.97,3,3,3,333,"Loyal Customers",2006.91,"Medium"
15430,103.388194444444,2,954.75,1,3,3,133,"At Risk",1909.5,"Medium"
15431,138.303472222222,1,153.24,1,1,1,111,"Others",153.24,"Low"
15432,177.227083333333,1,149.57,0,1,1,11,"Others",149.57,"Low"
15434,10.1770833333333,6,1525.58,4,5,4,454,"Champions",9153.48,"High"
15437,276.386111111111,1,193.29,0,1,1,11,"Others",193.29,"Low"
15439,40.3909722222222,4,1269.05,2,4,4,244,"At Risk",5076.2,"Medium"
15441,32.1743055555556,3,1254.21,3,3,4,334,"Loyal Customers",3762.63,"Medium"
15443,110.302777777778,7,1900.64,1,5,4,154,"At Risk",13304.48,"High"
15445,226.209027777778,1,171,0,1,1,11,"Others",171,"Low"
15446,12.3347222222222,3,399.75,4,3,2,432,"Loyal Customers",1199.25,"Medium"
15447,163.288194444444,4,337.71,1,4,2,142,"At Risk",1350.84,"Medium"
15448,310.272222222222,1,294.17,0,1,2,12,"Others",294.17,"Low"
15451,70.2645833333333,2,226.86,2,3,1,231,"At Risk",453.72,"Low"
15452,26.1993055555556,3,1256.63,3,3,4,334,"Loyal Customers",3769.89,"Medium"
15454,254.281944444444,1,126.89,0,1,1,11,"Others",126.89,"Low"
15455,233.304166666667,1,38.25,0,1,1,11,"Others",38.25,"Low"
15456,39.1222222222222,7,1656.93,2,5,4,254,"At Risk",11598.51,"High"
15458,38.0076388888889,1,208.8,2,1,1,211,"Others",208.8,"Low"
15459,53.1916666666667,2,202.83,2,3,1,231,"At Risk",405.66,"Low"
15461,96.3125,2,429.7,1,3,2,132,"At Risk",859.4,"Low"
15462,81.4013888888889,1,502.45,1,1,3,113,"Others",502.45,"Low"
15465,5.40902777777778,15,5281.53,4,5,5,455,"Champions",79222.95,"Very High"
15466,25.2993055555556,3,1225.93,3,3,4,334,"Loyal Customers",3677.79,"Medium"
15468,28.4319444444444,1,962.97,3,1,3,313,"Others",962.97,"Medium"
15469,74.4111111111111,1,335.7,1,1,2,112,"Others",335.7,"Low"
15470,211.434722222222,1,63.42,0,1,1,11,"Others",63.42,"Low"
15471,16.2236111111111,2,837.53,3,3,3,333,"Loyal Customers",1675.06,"Medium"
15473,80.4493055555556,1,274.8,1,1,2,112,"Others",274.8,"Low"
15474,231.365972222222,1,150.35,0,1,1,11,"Others",150.35,"Low"
15476,16.1972222222222,4,2209.98,3,4,5,345,"Loyal Customers",8839.92,"High"
15477,285.391666666667,1,368.4,0,1,2,12,"Others",368.4,"Low"
15478,211.05,1,583.56,0,1,3,13,"Others",583.56,"Low"
15479,369.203472222222,1,147.4,0,1,1,11,"Others",147.4,"Low"
15480,101.372916666667,4,5373.5,1,4,5,145,"At Risk",21494,"High"
15481,37.2145833333333,1,1993.34,2,1,4,214,"Others",1993.34,"Medium"
15482,22.3743055555556,7,3537.6,3,5,5,355,"Loyal Customers",24763.2,"High"
15483,21.2756944444444,6,592.56,3,5,3,353,"Loyal Customers",3555.36,"Medium"
15484,176.15625,2,1061.69,0,3,4,34,"At Risk",2123.38,"Medium"
15485,9.27638888888889,5,3186.01,4,4,5,445,"Champions",15930.05,"High"
15486,163.281944444444,1,102,1,1,1,111,"Others",102,"Low"
15487,315.329166666667,1,231.32,0,1,1,11,"Others",231.32,"Low"
15488,92.3347222222222,4,340.6,1,4,2,142,"At Risk",1362.4,"Medium"
15489,36.3423611111111,5,1285.33,2,4,4,244,"At Risk",6426.65,"High"
15490,66.2847222222222,1,210.85,2,1,1,211,"Others",210.85,"Low"
15493,25.3041666666667,4,2168.27,3,4,5,345,"Loyal Customers",8673.08,"High"
15494,114.129861111111,3,2422.02,1,3,5,135,"At Risk",7266.06,"High"
15495,15.2604166666667,1,246.5,4,1,1,411,"Potential Loyalists",246.5,"Low"
15496,267.28125,1,146.14,0,1,1,11,"Others",146.14,"Low"
15497,18.2819444444444,7,7395.19,3,5,5,355,"Loyal Customers",51766.33,"Very High"
15498,2.21875,19,12633.18,4,5,5,455,"Champions",240030.42,"Very High"
15499,359.322222222222,1,158.65,0,1,1,11,"Others",158.65,"Low"
15501,40.3652777777778,2,399.95,2,3,2,232,"At Risk",799.9,"Low"
15502,4.2125,5,3548.34,4,4,5,445,"Champions",17741.7,"High"
15503,362.352083333333,1,116.26,0,1,1,11,"Others",116.26,"Low"
15504,156.332638888889,3,349.87,1,3,2,132,"At Risk",1049.61,"Medium"
15506,17.3006944444444,3,1058.25,3,3,4,334,"Loyal Customers",3174.75,"Medium"
15509,16.2173611111111,1,152.41,3,1,1,311,"Others",152.41,"Low"
15512,26.3069444444444,2,210.58,3,3,1,331,"Loyal Customers",421.16,"Low"
15513,1.44305555555556,18,12992.33,4,5,5,455,"Champions",233861.94,"Very High"
15514,15.2138888888889,7,2368.34,4,5,5,455,"Champions",16578.38,"High"
15515,23.2652777777778,1,171.81,3,1,1,311,"Others",171.81,"Low"
15518,15.0173611111111,7,2268.44,4,5,5,455,"Champions",15879.08,"High"
15519,19.2263888888889,2,344.61,3,3,2,332,"Loyal Customers",689.22,"Low"
15521,36.05625,8,4098.04,3,5,5,355,"Loyal Customers",32784.32,"Very High"
15523,24.1902777777778,15,16847.18,3,5,5,355,"Loyal Customers",252707.7,"Very High"
15524,242.445833333333,1,151.4,0,1,1,11,"Others",151.4,"Low"
15525,9.28055555555556,2,430.78,4,3,2,432,"Loyal Customers",861.56,"Low"
15527,30.325,15,3126.36,3,5,5,355,"Loyal Customers",46895.4,"Very High"
15529,2.31736111111111,2,1116.72,4,3,4,434,"Loyal Customers",2233.44,"Medium"
15530,148.36875,1,311.37,1,1,2,112,"Others",311.37,"Low"
15532,12.1965277777778,6,2174.12,4,5,5,455,"Champions",13044.72,"High"
15534,361.300694444444,1,162.25,0,1,1,11,"Others",162.25,"Low"
15535,40.2444444444444,2,541.47,2,3,3,233,"At Risk",1082.94,"Medium"
15536,45.1458333333333,1,259.09,2,1,2,212,"Others",259.09,"Low"
15538,173.383333333333,6,3358.4,1,5,5,155,"At Risk",20150.4,"High"
15540,11.36875,1,247.38,4,1,1,411,"Potential Loyalists",247.38,"Low"
15542,148.270138888889,3,855.71,1,3,3,133,"At Risk",2567.13,"Medium"
15543,95.35625,1,114.4,1,1,1,111,"Others",114.4,"Low"
15544,8.30138888888889,12,4615.72,4,5,5,455,"Champions",55388.64,"Very High"
15545,7.10625,1,135.33,4,1,1,411,"Potential Loyalists",135.33,"Low"
15546,242.340277777778,2,1079.1,0,3,4,34,"At Risk",2158.2,"Medium"
15547,12.2534722222222,12,5146.45,4,5,5,455,"Champions",61757.4,"Very High"
15548,231.320138888889,1,158.09,0,1,1,11,"Others",158.09,"Low"
15549,57.1298611111111,5,652.7,2,4,3,243,"At Risk",3263.5,"Medium"
15550,14.3659722222222,8,1635.42,4,5,4,454,"Champions",13083.36,"High"
15551,30.2479166666667,6,1243.75,3,5,4,354,"Loyal Customers",7462.5,"High"
15552,259.155555555556,1,162.4,0,1,1,11,"Others",162.4,"Low"
15555,1.13055555555556,22,7267.83,4,5,5,455,"Champions",159892.26,"Very High"
15558,275.191666666667,1,202.68,0,1,1,11,"Others",202.68,"Low"
15559,204.246527777778,1,1109.4,0,1,4,14,"Others",1109.4,"Medium"
15560,33.4069444444444,2,153.52,3,3,1,331,"Loyal Customers",307.04,"Low"
15561,19.3895833333333,4,1133.8,3,4,4,344,"Loyal Customers",4535.2,"Medium"
15562,60.3944444444444,2,536.88,2,3,3,233,"At Risk",1073.76,"Medium"
15563,150.336111111111,3,1459.02,1,3,4,134,"At Risk",4377.06,"Medium"
15564,99.1729166666667,2,70.74,1,3,1,131,"At Risk",141.48,"Low"
15566,28.3263888888889,2,227.87,3,3,1,331,"Loyal Customers",455.74,"Low"
15569,26.3854166666667,5,2207.74,3,4,5,345,"Loyal Customers",11038.7,"High"
15570,5.29444444444444,14,5105.32,4,5,5,455,"Champions",71474.48,"Very High"
15571,22.2333333333333,10,3241.92,3,5,5,355,"Loyal Customers",32419.2,"Very High"
15572,16.28125,3,1431.78,3,3,4,334,"Loyal Customers",4295.34,"Medium"
15573,254.264583333333,3,597.23,0,3,3,33,"At Risk",1791.69,"Medium"
15574,8.17708333333333,3,774.84,4,3,3,433,"Loyal Customers",2324.52,"Medium"
15575,255.299305555556,1,30.1,0,1,1,11,"Others",30.1,"Low"
15577,359.213194444444,2,137.15,0,3,1,31,"At Risk",274.3,"Low"
15579,19.1826388888889,3,923.03,3,3,3,333,"Loyal Customers",2769.09,"Medium"
15580,12.3756944444444,8,1375.39,4,5,4,454,"Champions",11003.12,"High"
15581,2.22430555555556,26,4076.97,4,5,5,455,"Champions",106001.22,"Very High"
15583,12.20625,1,95.96,4,1,1,411,"Potential Loyalists",95.96,"Low"
15584,35.3520833333333,2,547.34,3,3,3,333,"Loyal Customers",1094.68,"Medium"
15586,228.375694444444,3,1139.1,0,3,4,34,"At Risk",3417.3,"Medium"
15587,28.3291666666667,3,608.4,3,3,3,333,"Loyal Customers",1825.2,"Medium"
15588,313.320833333333,1,579.6,0,1,3,13,"Others",579.6,"Low"
15590,18.2166666666667,5,1496.6,3,4,4,344,"Loyal Customers",7483,"High"
15591,218.443055555556,3,217.9,0,3,1,31,"At Risk",653.7,"Low"
15595,123.315277777778,1,357.6,1,1,2,112,"Others",357.6,"Low"
15596,1.16041666666667,5,1723.45,4,4,4,444,"Champions",8617.25,"High"
15597,211.285416666667,1,238.8,0,1,1,11,"Others",238.8,"Low"
15598,63.4451388888889,1,307.34,2,1,2,212,"Others",307.34,"Low"
15599,81.4069444444444,1,488.32,1,1,2,112,"Others",488.32,"Low"
15600,64.2298611111111,4,1199.31,2,4,4,244,"At Risk",4797.24,"Medium"
15601,8.39027777777778,17,8183.56,4,5,5,455,"Champions",139120.52,"Very High"
15602,4.18472222222222,8,1932.64,4,5,4,454,"Champions",15461.12,"High"
15603,284.165972222222,1,40,0,1,1,11,"Others",40,"Low"
15605,9.26597222222222,5,738.57,4,4,3,443,"Loyal Customers",3692.85,"Medium"
15606,26.1902777777778,8,2310.83,3,5,5,355,"Loyal Customers",18486.64,"High"
15607,179.3375,8,1604.21,0,5,4,54,"At Risk",12833.68,"High"
15608,51.4104166666667,1,692.3,2,1,3,213,"Others",692.3,"Low"
15611,19.3513888888889,13,1405.83,3,5,4,354,"Loyal Customers",18275.79,"High"
15613,246.298611111111,1,433.72,0,1,2,12,"Others",433.72,"Low"
15614,73.3854166666667,4,3147.36,1,4,5,145,"At Risk",12589.44,"High"
15615,26.3291666666667,24,10974.23,3,5,5,355,"Loyal Customers",263381.52,"Very High"
15616,74.2854166666667,1,317.11,1,1,2,112,"Others",317.11,"Low"
15617,32.1625,3,828.55,3,3,3,333,"Loyal Customers",2485.65,"Medium"
15620,45.3534722222222,1,389.18,2,1,2,212,"Others",389.18,"Low"
15622,63.2263888888889,8,4143.05,2,5,5,255,"At Risk",33144.4,"Very High"
15623,29.4041666666667,7,2136.02,3,5,4,354,"Loyal Customers",14952.14,"High"
15625,12.3180555555556,5,1702.14,4,4,4,444,"Champions",8510.7,"High"
15626,57.1145833333333,1,391.72,2,1,2,212,"Others",391.72,"Low"
15627,93.2409722222222,2,566.9,1,3,3,133,"At Risk",1133.8,"Medium"
15628,2.42361111111111,9,2782.02,4,5,5,455,"Champions",25038.18,"High"
15629,86.2604166666667,4,2240.9,1,4,5,145,"At Risk",8963.6,"High"
15630,280.229861111111,1,295.05,0,1,2,12,"Others",295.05,"Low"
15631,278.214583333333,1,596.67,0,1,3,13,"Others",596.67,"Low"
15633,145.254861111111,13,4335.96,1,5,5,155,"At Risk",56367.48,"Very High"
15634,19.1881944444444,1,311.1,3,1,2,312,"Others",311.1,"Low"
15635,31.4604166666667,1,100.35,3,1,1,311,"Others",100.35,"Low"
15636,73.2020833333333,2,719.82,1,3,3,133,"At Risk",1439.64,"Medium"
15637,49.4840277777778,4,574.23,2,4,3,243,"At Risk",2296.92,"Medium"
15638,14.3395833333333,6,2265.2,4,5,5,455,"Champions",13591.2,"High"
15639,87.4555555555555,2,639.76,1,3,3,133,"At Risk",1279.52,"Medium"
15640,8.18125,15,11411.92,4,5,5,455,"Champions",171178.8,"Very High"
15641,32.2472222222222,8,3458.35,3,5,5,355,"Loyal Customers",27666.8,"High"
15642,365.340277777778,1,105.78,0,1,1,11,"Others",105.78,"Low"
15645,50.0590277777778,2,443.16,2,3,2,232,"At Risk",886.32,"Low"
15646,8.12638888888889,3,526.97,4,3,3,433,"Loyal Customers",1580.91,"Medium"
15647,51.2027777777778,1,169,2,1,1,211,"Others",169,"Low"
15649,3.41319444444444,3,1354.35,4,3,4,434,"Loyal Customers",4063.05,"Medium"
15650,157.388888888889,2,553.88,1,3,3,133,"At Risk",1107.76,"Medium"
15651,56.2631944444444,2,612.76,2,3,3,233,"At Risk",1225.52,"Medium"
15652,23.1993055555556,4,1068.2,3,4,4,344,"Loyal Customers",4272.8,"Medium"
15658,8.38055555555556,4,1399.37,4,4,4,444,"Champions",5597.48,"High"
15659,22.3819444444444,2,226.04,3,3,1,331,"Loyal Customers",452.08,"Low"
15660,1.425,7,1212.13,4,5,4,454,"Champions",8484.91,"High"
15661,15.4861111111111,6,906.15,3,5,3,353,"Loyal Customers",5436.9,"Medium"
15662,297.134722222222,2,283.73,0,3,2,32,"At Risk",567.46,"Low"
15664,85.0777777777778,3,867.6,1,3,3,133,"At Risk",2602.8,"Medium"
15665,47.2451388888889,3,1764.86,2,3,4,234,"At Risk",5294.58,"Medium"
15666,108.157638888889,2,632.94,1,3,3,133,"At Risk",1265.88,"Medium"
15670,192.185416666667,1,152.15,0,1,1,11,"Others",152.15,"Low"
15672,361.13125,1,45.3,0,1,1,11,"Others",45.3,"Low"
15673,87.3701388888889,5,3478.09,1,4,5,145,"At Risk",17390.45,"High"
15674,53.3020833333333,8,4501.63,2,5,5,255,"At Risk",36013.04,"Very High"
15675,40.2409722222222,1,218.35,2,1,1,211,"Others",218.35,"Low"
15677,57.1958333333333,2,648.4,2,3,3,233,"At Risk",1296.8,"Medium"
15678,31.2243055555556,2,1473.24,3,3,4,334,"Loyal Customers",2946.48,"Medium"
15680,2.22083333333333,8,3173.9,4,5,5,455,"Champions",25391.2,"High"
15681,15.2041666666667,9,1563.54,4,5,4,454,"Champions",14071.86,"High"
15682,235.188194444444,2,318.24,0,3,2,32,"At Risk",636.48,"Low"
15683,109.333333333333,1,330.79,1,1,2,112,"Others",330.79,"Low"
15684,183.048611111111,3,173.95,0,3,1,31,"At Risk",521.85,"Low"
15685,86.2625,1,55.98,1,1,1,111,"Others",55.98,"Low"
15686,56.2576388888889,1,90,2,1,1,211,"Others",90,"Low"
15688,54.3298611111111,1,190.57,2,1,1,211,"Others",190.57,"Low"
15689,253.422222222222,1,266.93,0,1,2,12,"Others",266.93,"Low"
15691,30.3159722222222,3,434.5,3,3,2,332,"Loyal Customers",1303.5,"Medium"
15693,295.225,1,37.5,0,1,1,11,"Others",37.5,"Low"
15694,1.43819444444444,12,4331.41,4,5,5,455,"Champions",51976.92,"Very High"
15695,233.392361111111,2,721.06,0,3,3,33,"At Risk",1442.12,"Medium"
15696,59.4006944444444,5,1170.11,2,4,4,244,"At Risk",5850.55,"High"
15697,325.452083333333,1,246.75,0,1,1,11,"Others",246.75,"Low"
15698,260.099305555556,1,46.2,0,1,1,11,"Others",46.2,"Low"
15702,112.215972222222,2,140.39,1,3,1,131,"At Risk",280.78,"Low"
15704,138.209027777778,2,1441.04,1,3,4,134,"At Risk",2882.08,"Medium"
15708,5.36736111111111,3,969.19,4,3,3,433,"Loyal Customers",2907.57,"Medium"
15709,225.0625,1,194.6,0,1,1,11,"Others",194.6,"Low"
15710,53.1222222222222,1,898.87,2,1,3,213,"Others",898.87,"Low"
15711,192.324305555556,2,420.25,0,3,2,32,"At Risk",840.5,"Low"
15712,15.08125,7,2400.05,4,5,5,455,"Champions",16800.35,"High"
15713,2.19791666666667,3,654.09,4,3,3,433,"Loyal Customers",1962.27,"Medium"
15714,89.2354166666667,3,453.93,1,3,2,132,"At Risk",1361.79,"Medium"
15715,191.420138888889,5,658.02,0,4,3,43,"At Risk",3290.1,"Medium"
15716,5.31597222222222,8,1913.55,4,5,4,454,"Champions",15308.4,"High"
15717,57.0826388888889,4,456.7,2,4,2,242,"At Risk",1826.8,"Medium"
15718,176.153472222222,1,293.79,1,1,2,112,"Others",293.79,"Low"
15719,17.2875,18,5165.9,3,5,5,355,"Loyal Customers",92986.2,"Very High"
15720,186.18125,1,140.49,0,1,1,11,"Others",140.49,"Low"
15722,81.1340277777778,6,3022.79,1,5,5,155,"At Risk",18136.74,"High"
15723,47.3034722222222,3,740,2,3,3,233,"At Risk",2220,"Medium"
15724,36.4020833333333,1,92.6,2,1,1,211,"Others",92.6,"Low"
15726,26.1590277777778,1,321.91,3,1,2,312,"Others",321.91,"Low"
15727,23.2583333333333,8,4212.65,3,5,5,355,"Loyal Customers",33701.2,"Very High"
15728,15.3902777777778,2,544.6,3,3,3,333,"Loyal Customers",1089.2,"Medium"
15729,36.1625,2,107.55,3,3,1,331,"Loyal Customers",215.1,"Low"
15730,17.3888888888889,2,605.7,3,3,3,333,"Loyal Customers",1211.4,"Medium"
15731,189.410416666667,1,125.3,0,1,1,11,"Others",125.3,"Low"
15732,8.20902777777778,9,1387.95,4,5,4,454,"Champions",12491.55,"High"
15734,72.3479166666667,2,923.85,1,3,3,133,"At Risk",1847.7,"Medium"
15735,57.2659722222222,1,327.68,2,1,2,212,"Others",327.68,"Low"
15736,71.2368055555555,2,1767.12,1,3,4,134,"At Risk",3534.24,"Medium"
15738,8.29930555555556,26,8560.55,4,5,5,455,"Champions",222574.3,"Very High"
15741,94.1527777777778,2,208.62,1,3,1,131,"At Risk",417.24,"Low"
15742,255.191666666667,1,156.87,0,1,1,11,"Others",156.87,"Low"
15747,11.3826388888889,6,1553.17,4,5,4,454,"Champions",9319.02,"High"
15748,85.1291666666667,2,465.45,1,3,2,132,"At Risk",930.9,"Low"
15750,2.32638888888889,12,4330.461,4,5,5,455,"Champions",51965.532,"Very High"
15751,96.3034722222222,11,1380.44,1,5,4,154,"At Risk",15184.84,"High"
15752,8.42916666666667,3,1557.96,4,3,4,434,"Loyal Customers",4673.88,"Medium"
15754,129.448611111111,6,2579.04,1,5,5,155,"At Risk",15474.24,"High"
15755,15.2333333333333,11,3628.87,4,5,5,455,"Champions",39917.57,"Very High"
15757,22.3861111111111,4,2225.94,3,4,5,345,"Loyal Customers",8903.76,"High"
15759,147.391666666667,4,577.89,1,4,3,143,"At Risk",2311.56,"Medium"
15760,266.344444444444,2,13916.34,0,3,5,35,"At Risk",27832.68,"High"
15761,78.4361111111111,1,143.05,1,1,1,111,"Others",143.05,"Low"
15764,70.2458333333333,2,1223.11,2,3,4,234,"At Risk",2446.22,"Medium"
15765,302.4,1,370.63,0,1,2,12,"Others",370.63,"Low"
15766,92.2569444444444,2,516,1,3,3,133,"At Risk",1032,"Medium"
15768,112.16875,31,14687.06,1,5,5,155,"At Risk",455298.86,"Very High"
15769,7.19791666666667,21,32451.6,4,5,5,455,"Champions",681483.6,"Very High"
15770,248.343055555556,1,321.45,0,1,2,12,"Others",321.45,"Low"
15771,240.253472222222,3,1006.54,0,3,4,34,"At Risk",3019.62,"Medium"
15772,54.2694444444444,1,280.88,2,1,2,212,"Others",280.88,"Low"
15773,45.1902777777778,1,138.84,2,1,1,211,"Others",138.84,"Low"
15774,54.2930555555556,5,1017.54,2,4,4,244,"At Risk",5087.7,"Medium"
15775,267.520138888889,1,45.6,0,1,1,11,"Others",45.6,"Low"
15777,32.225,3,715.5,3,3,3,333,"Loyal Customers",2146.5,"Medium"
15778,67.2020833333333,1,307.95,2,1,2,212,"Others",307.95,"Low"
15779,99.1395833333333,2,124.08,1,3,1,131,"At Risk",248.16,"Low"
15782,66.1791666666667,1,1399.36,2,1,4,214,"Others",1399.36,"Medium"
15784,103.390972222222,2,848.33,1,3,3,133,"At Risk",1696.66,"Medium"
15785,15.1291666666667,11,3640.96,4,5,5,455,"Champions",40050.56,"Very High"
15786,53.4930555555556,2,3582.62,2,3,5,235,"At Risk",7165.24,"High"
15788,144.300694444444,1,221.83,1,1,1,111,"Others",221.83,"Low"
15789,67.2215277777778,5,1610.71,2,4,4,244,"At Risk",8053.55,"High"
15791,165.33125,3,1995.65,1,3,4,134,"At Risk",5986.95,"High"
15792,35.4861111111111,2,933.84,3,3,3,333,"Loyal Customers",1867.68,"Medium"
15793,14.3923611111111,5,1433.96,4,4,4,444,"Champions",7169.8,"High"
15794,372.289583333333,2,777,0,3,3,33,"At Risk",1554,"Medium"
15795,66.1972222222222,7,1369.86,2,5,4,254,"At Risk",9589.02,"High"
15796,10.3895833333333,9,2463.02,4,5,5,455,"Champions",22167.18,"High"
15797,217.202777777778,2,613.68,0,3,3,33,"At Risk",1227.36,"Medium"
15798,128.45,3,1535.37,1,3,4,134,"At Risk",4606.11,"Medium"
15799,54.2326388888889,1,537.2,2,1,3,213,"Others",537.2,"Low"
15800,89.1555555555556,5,530.18,1,4,3,143,"At Risk",2650.9,"Medium"
15803,81.2868055555556,3,1513.84,1,3,4,134,"At Risk",4541.52,"Medium"
15805,21.3569444444444,13,4660.75,3,5,5,355,"Loyal Customers",60589.75,"Very High"
15807,44.2895833333333,2,913.62,2,3,3,233,"At Risk",1827.24,"Medium"
15808,5.28888888888889,18,14482.03,4,5,5,455,"Champions",260676.54,"Very High"
15809,95.2784722222222,2,758.67,1,3,3,133,"At Risk",1517.34,"Medium"
15810,22.3868055555556,4,1607.06,3,4,4,344,"Loyal Customers",6428.24,"High"
15811,1.18888888888889,2,1557.38,4,3,4,434,"Loyal Customers",3114.76,"Medium"
15812,71.2715277777778,7,3400.33,1,5,5,155,"At Risk",23802.31,"High"
15814,29.0875,2,689.11,3,3,3,333,"Loyal Customers",1378.22,"Medium"
15816,178.267361111111,2,144.15,0,3,1,31,"At Risk",288.3,"Low"
15817,56.3708333333333,3,2766.4,2,3,5,235,"At Risk",8299.2,"High"
15818,224.29375,1,340.5,0,1,2,12,"Others",340.5,"Low"
15819,67.1993055555556,6,2029.34,2,5,4,254,"At Risk",12176.04,"High"
15822,129.161805555556,4,954.59,1,4,3,143,"At Risk",3818.36,"Medium"
15823,8.20347222222222,3,3882.17,4,3,5,435,"Loyal Customers",11646.51,"High"
15824,89.2784722222222,2,890.94,1,3,3,133,"At Risk",1781.88,"Medium"
15826,204.125694444444,1,943.97,0,1,3,13,"Others",943.97,"Low"
15827,8.28680555555556,16,1957.98,4,5,4,454,"Champions",31327.68,"Very High"
15828,11.1388888888889,1,1108.82,4,1,4,414,"Potential Loyalists",1108.82,"Medium"
15833,373.334722222222,1,80.4,0,1,1,11,"Others",80.4,"Low"
15834,12.3305555555556,3,1539.24,4,3,4,434,"Loyal Customers",4617.72,"Medium"
15837,121.40625,1,385.03,1,1,2,112,"Others",385.03,"Low"
15838,3.35763888888889,16,40519.92,4,5,5,455,"Champions",648318.72,"Very High"
15841,22.0743055555556,5,1518.35,3,4,4,344,"Loyal Customers",7591.75,"High"
15842,29.2451388888889,2,548.8,3,3,3,333,"Loyal Customers",1097.6,"Medium"
15845,172.347916666667,3,714.51,1,3,3,133,"At Risk",2143.53,"Medium"
15846,21.2229166666667,1,107.01,3,1,1,311,"Others",107.01,"Low"
15847,64.0708333333333,3,433.3,2,3,2,232,"At Risk",1299.9,"Medium"
15848,257.379861111111,1,137.99,0,1,1,11,"Others",137.99,"Low"
15850,12.3118055555556,4,771.87,4,4,3,443,"Loyal Customers",3087.48,"Medium"
15851,162.310416666667,1,109.73,1,1,1,111,"Others",109.73,"Low"
15852,162.40625,1,96.55,1,1,1,111,"Others",96.55,"Low"
15854,12.3881944444444,9,2609.16,4,5,5,455,"Champions",23482.44,"High"
15855,112.115277777778,1,340.48,1,1,2,112,"Others",340.48,"Low"
15856,1.26875,26,17703.63,4,5,5,455,"Champions",460294.38,"Very High"
15857,66.1375,1,273.48,2,1,2,212,"Others",273.48,"Low"
15858,3.22916666666667,9,2508.77,4,5,5,455,"Champions",22578.93,"High"
15859,68.2979166666667,1,438.46,2,1,2,212,"Others",438.46,"Low"
15860,4.34930555555556,10,1498.8,4,5,4,454,"Champions",14988,"High"
15861,92.0034722222222,4,1222.28,1,4,4,144,"At Risk",4889.12,"Medium"
15862,9.36111111111111,10,2033.64,4,5,4,454,"Champions",20336.4,"High"
15863,253.18125,3,286.26,0,3,2,32,"At Risk",858.78,"Low"
15864,17.2076388888889,1,244.44,3,1,1,311,"Others",244.44,"Low"
15865,49.1923611111111,2,1346.29,2,3,4,234,"At Risk",2692.58,"Medium"
15867,5.23888888888889,17,5224.81,4,5,5,455,"Champions",88821.77,"Very High"
15868,219.243055555556,1,94.53,0,1,1,11,"Others",94.53,"Low"
15869,262.132638888889,1,171.47,0,1,1,11,"Others",171.47,"Low"
15870,32.3777777777778,3,506.02,3,3,3,333,"Loyal Customers",1518.06,"Medium"
15871,73.2395833333333,1,33.1,1,1,1,111,"Others",33.1,"Low"
15872,14.3305555555556,2,413,4,3,2,432,"Loyal Customers",826,"Low"
15873,135.305555555556,4,313.92,1,4,2,142,"At Risk",1255.68,"Medium"
15874,23.3951388888889,14,6878.88,3,5,5,355,"Loyal Customers",96304.32,"Very High"
15875,282.131944444444,1,108.52,0,1,1,11,"Others",108.52,"Low"
15876,45.04375,2,1449.14,2,3,4,234,"At Risk",2898.28,"Medium"
15878,197.322222222222,2,330.77,0,3,2,32,"At Risk",661.54,"Low"
15879,40.1527777777778,4,1137.8,2,4,4,244,"At Risk",4551.2,"Medium"
15880,5.29236111111111,1,329.03,4,1,2,412,"Potential Loyalists",329.03,"Low"
15882,4.28402777777778,6,979.62,4,5,3,453,"Loyal Customers",5877.72,"High"
15884,68.1708333333333,2,244.6,2,3,1,231,"At Risk",489.2,"Low"
15885,19.3479166666667,12,1572.47,3,5,4,354,"Loyal Customers",18869.64,"High"
15886,52.3333333333333,3,871.78,2,3,3,233,"At Risk",2615.34,"Medium"
15887,42.4756944444444,3,1027.15,2,3,4,234,"At Risk",3081.45,"Medium"
15888,36.4180555555556,2,260.85,2,3,2,232,"At Risk",521.7,"Low"
15889,5.20069444444444,7,1279.6,4,5,4,454,"Champions",8957.2,"High"
15890,30.3020833333333,5,535.65,3,4,3,343,"Loyal Customers",2678.25,"Medium"
15892,305.151388888889,1,128.2,0,1,1,11,"Others",128.2,"Low"
15893,117.367361111111,1,305.28,1,1,2,112,"Others",305.28,"Low"
15894,5.24652777777778,1,151.44,4,1,1,411,"Potential Loyalists",151.44,"Low"
15898,3.27152777777778,22,4129.26,4,5,5,455,"Champions",90843.72,"Very High"
15899,4.39236111111111,1,56.25,4,1,1,411,"Potential Loyalists",56.25,"Low"
15900,49.3868055555556,3,549.29,2,3,3,233,"At Risk",1647.87,"Medium"
15901,87.2395833333333,4,335.99,1,4,2,142,"At Risk",1343.96,"Medium"
15902,16.1277777777778,1,145.01,3,1,1,311,"Others",145.01,"Low"
15903,14.3034722222222,5,3813.08,4,4,5,445,"Champions",19065.4,"High"
15905,179.167361111111,1,114.69,0,1,1,11,"Others",114.69,"Low"
15906,10.2743055555556,3,962.5,4,3,3,433,"Loyal Customers",2887.5,"Medium"
15908,126.336805555556,2,758.62,1,3,3,133,"At Risk",1517.24,"Medium"
15910,36.3215277777778,7,1432.29,2,5,4,254,"At Risk",10026.03,"High"
15911,259.329861111111,8,1700.24,0,5,4,54,"At Risk",13601.92,"High"
15912,72.2784722222222,7,810.08,1,5,3,153,"At Risk",5670.56,"High"
15913,170.145833333333,1,6.3,1,1,1,111,"Others",6.3,"Low"
15914,14.1604166666667,2,205.99,4,3,1,431,"Loyal Customers",411.98,"Low"
15915,37.3666666666667,1,364.45,2,1,2,212,"Others",364.45,"Low"
15916,2.28263888888889,7,1874.83,4,5,4,454,"Champions",13123.81,"High"
15917,242.208333333333,4,407.07,0,4,2,42,"At Risk",1628.28,"Medium"
15918,267.347916666667,1,248.65,0,1,1,11,"Others",248.65,"Low"
15919,4.35763888888889,1,214.08,4,1,1,411,"Potential Loyalists",214.08,"Low"
15920,60.2527777777778,5,401.64,2,4,2,242,"At Risk",2008.2,"Medium"
15921,32.4006944444444,3,452.23,3,3,2,332,"Loyal Customers",1356.69,"Medium"
15922,9.25694444444444,1,369.5,4,1,2,412,"Potential Loyalists",369.5,"Low"
15923,8.32291666666667,1,127.08,4,1,1,411,"Potential Loyalists",127.08,"Low"
15924,367.209027777778,1,102.82,0,1,1,11,"Others",102.82,"Low"
15926,178.193055555556,1,134.44,0,1,1,11,"Others",134.44,"Low"
15927,283.275,1,106.54,0,1,1,11,"Others",106.54,"Low"
15928,292.197916666667,1,293.53,0,1,2,12,"Others",293.53,"Low"
15929,280.211805555556,1,594,0,1,3,13,"Others",594,"Low"
15931,64.1354166666667,1,239.9,2,1,1,211,"Others",239.9,"Low"
15934,53.4083333333333,2,2190.66,2,3,5,235,"At Risk",4381.32,"Medium"
15936,15.1402777777778,2,282.79,4,3,2,432,"Loyal Customers",565.58,"Low"
15938,92.1208333333333,4,330.23,1,4,2,142,"At Risk",1320.92,"Medium"
15939,10.3291666666667,1,2945.38,4,1,5,415,"Potential Loyalists",2945.38,"Medium"
15941,273.219444444444,1,405,0,1,2,12,"Others",405,"Low"
15943,285.3,2,271.29,0,3,2,32,"At Risk",542.58,"Low"
15944,29.4208333333333,3,1839.14,3,3,4,334,"Loyal Customers",5517.42,"Medium"
15945,1.28263888888889,4,646.27,4,4,3,443,"Loyal Customers",2585.08,"Medium"
15946,138.321527777778,3,2304.18,1,3,5,135,"At Risk",6912.54,"High"
15948,60.3229166666667,1,553.85,2,1,3,213,"Others",553.85,"Low"
15950,11.1256944444444,6,5376.2,4,5,5,455,"Champions",32257.2,"Very High"
15951,17.0701388888889,1,304.95,3,1,2,312,"Others",304.95,"Low"
15953,5.19861111111111,11,1990.8,4,5,4,454,"Champions",21898.8,"High"
15954,225.268055555556,1,190.75,0,1,1,11,"Others",190.75,"Low"
15955,8.36041666666667,9,4242.1,4,5,5,455,"Champions",38178.9,"Very High"
15956,187.288194444444,2,617.6,0,3,3,33,"At Risk",1235.2,"Medium"
15957,56.31875,2,492.36,2,3,2,232,"At Risk",984.72,"Medium"
15958,39.31875,3,357.77,2,3,2,232,"At Risk",1073.31,"Medium"
15959,318.140972222222,3,542.89,0,3,3,33,"At Risk",1628.67,"Medium"
15960,10.1694444444444,4,410.95,4,4,2,442,"Loyal Customers",1643.8,"Medium"
15961,15.1680555555556,1,451.29,4,1,2,412,"Potential Loyalists",451.29,"Low"
15962,85.2590277777778,1,289.48,1,1,2,112,"Others",289.48,"Low"
15964,299.188194444444,1,269.21,0,1,2,12,"Others",269.21,"Low"
15965,3.27986111111111,10,2119.26,4,5,4,454,"Champions",21192.6,"High"
15966,86.3868055555556,1,426.53,1,1,2,112,"Others",426.53,"Low"
15967,15.2631944444444,10,2568.32,4,5,5,455,"Champions",25683.2,"High"
15968,24.2895833333333,1,404.55,3,2,2,322,"Others",404.55,"Low"
15969,61.3333333333333,2,460.95,2,3,2,232,"At Risk",921.9,"Low"
15970,234.354861111111,1,703.22,0,2,3,23,"Others",703.22,"Low"
15971,21.3875,6,1702.98,3,5,4,354,"Loyal Customers",10217.88,"High"
15972,92.2784722222222,5,1769.33,1,4,4,144,"At Risk",8846.65,"High"
15973,2.34652777777778,3,680.62,4,3,3,433,"Loyal Customers",2041.86,"Medium"
15976,46.3527777777778,4,1266.77,2,4,4,244,"At Risk",5067.08,"Medium"
15978,68.2451388888889,2,2180.64,2,3,5,235,"At Risk",4361.28,"Medium"
15979,238.351388888889,1,329.22,0,2,2,22,"Others",329.22,"Low"
15980,126.309722222222,4,4144.82,1,4,5,145,"At Risk",16579.28,"High"
15981,37.4236111111111,13,5954.29,2,5,5,255,"At Risk",77405.77,"Very High"
15982,241.176388888889,1,324.51,0,2,2,22,"Others",324.51,"Low"
15983,1.38611111111111,6,2458.9,4,5,5,455,"Champions",14753.4,"High"
15984,4.27777777777778,21,5735.09,4,5,5,455,"Champions",120436.89,"Very High"
15985,72.2208333333333,5,1572.86,1,4,4,144,"At Risk",7864.3,"High"
15986,17.4159722222222,1,186.3,3,2,1,321,"Others",186.3,"Low"
15987,4.47708333333333,2,216.7,4,3,1,431,"Loyal Customers",433.4,"Low"
15988,187.302777777778,2,582.11,0,3,3,33,"At Risk",1164.22,"Medium"
15989,11.3319444444444,2,368.31,4,3,2,432,"Loyal Customers",736.62,"Low"
15990,130.304861111111,5,1205.64,1,4,4,144,"At Risk",6028.2,"High"
15991,170.174305555556,1,150.55,1,2,1,121,"Others",150.55,"Low"
15992,32.2152777777778,2,854.61,3,3,3,333,"Loyal Customers",1709.22,"Medium"
15994,47.3243055555556,2,761.41,2,3,3,233,"At Risk",1522.82,"Medium"
15995,50.2527777777778,1,694.54,2,2,3,223,"Others",694.54,"Low"
15996,2.16805555555556,2,617.07,4,3,3,433,"Loyal Customers",1234.14,"Medium"
15998,29.1486111111111,11,5193.92,3,5,5,355,"Loyal Customers",57133.12,"Very High"
15999,371.3125,1,20.4,0,2,1,21,"Others",20.4,"Low"
16001,17.11875,1,583.39,3,2,3,323,"Others",583.39,"Low"
16002,261.286805555556,1,169.21,0,2,1,21,"Others",169.21,"Low"
16003,17.1465277777778,5,2878.46,3,4,5,345,"Loyal Customers",14392.3,"High"
16004,110.342361111111,5,2146.39,1,4,5,145,"At Risk",10731.95,"High"
16005,11.3423611111111,6,1786.78,4,5,4,454,"Champions",10720.68,"High"
16006,23.3319444444444,1,231.42,3,2,1,321,"Others",231.42,"Low"
16007,19.3138888888889,3,1359.25,3,3,4,334,"Loyal Customers",4077.75,"Medium"
16008,18.2770833333333,12,4860.35,3,5,5,355,"Loyal Customers",58324.2,"Very High"
16010,12.3625,8,1302.46,4,5,4,454,"Champions",10419.68,"High"
16011,2.14375,14,2486,4,5,5,455,"Champions",34804,"Very High"
16012,37.2597222222222,2,1563.3,2,3,4,234,"At Risk",3126.6,"Medium"
16013,7.28541666666667,39,20009.84,4,5,5,455,"Champions",780383.76,"Very High"
16014,44.1645833333333,2,453.45,2,3,2,232,"At Risk",906.9,"Low"
16016,2.30902777777778,4,980.91,4,4,3,443,"Loyal Customers",3923.64,"Medium"
16017,53.29375,4,1333.7,2,4,4,244,"At Risk",5334.8,"Medium"
16018,32.1840277777778,2,289.23,3,3,2,332,"Loyal Customers",578.46,"Low"
16019,17.2826388888889,18,13542.92,3,5,5,355,"Loyal Customers",243772.56,"Very High"
16021,31.2173611111111,2,487.03,3,3,2,332,"Loyal Customers",974.06,"Medium"
16024,47.3465277777778,2,232.96,2,3,1,231,"At Risk",465.92,"Low"
16027,93.3034722222222,9,1113.74,1,5,4,154,"At Risk",10023.66,"High"
16028,231.344444444444,1,82.2,0,2,1,21,"Others",82.2,"Low"
16029,8.09791666666667,47,41184.3,4,5,5,455,"Champions",1935662.1,"Very High"
16032,92.0840277777778,6,1965.72,1,5,4,154,"At Risk",11794.32,"High"
16033,5.39236111111111,8,1985.63,4,5,4,454,"Champions",15885.04,"High"
16034,30.3534722222222,3,473.62,3,3,2,332,"Loyal Customers",1420.86,"Medium"
16035,196.202777777778,1,217.73,0,2,1,21,"Others",217.73,"Low"
16036,60.2034722222222,2,1797.92,2,3,4,234,"At Risk",3595.84,"Medium"
16037,180.353472222222,2,654.32,0,3,3,33,"At Risk",1308.64,"Medium"
16039,59.3868055555556,2,456.4,2,3,2,232,"At Risk",912.8,"Low"
16040,66.3694444444444,4,1103.35,2,4,4,244,"At Risk",4413.4,"Medium"
16042,15.0729166666667,3,1067.85,4,3,4,434,"Loyal Customers",3203.55,"Medium"
16043,15.18125,4,1082.6,4,4,4,444,"Champions",4330.4,"Medium"
16044,71.0756944444445,1,340.84,2,2,2,222,"Others",340.84,"Low"
16045,52.4013888888889,4,2094.23,2,4,4,244,"At Risk",8376.92,"High"
16046,198.279861111111,1,235.78,0,2,1,21,"Others",235.78,"Low"
16047,318.14375,1,107.14,0,2,1,21,"Others",107.14,"Low"
16048,9.18958333333333,4,818.79,4,4,3,443,"Loyal Customers",3275.16,"Medium"
16049,11.2256944444444,3,777.34,4,3,3,433,"Loyal Customers",2332.02,"Medium"
16050,19.2145833333333,2,162.8,3,3,1,331,"Loyal Customers",325.6,"Low"
16051,317.432638888889,1,188.44,0,2,1,21,"Others",188.44,"Low"
16053,49.3465277777778,4,2122.89,2,4,4,244,"At Risk",8491.56,"High"
16054,54.3493055555556,3,1327.98,2,3,4,234,"At Risk",3983.94,"Medium"
16057,155.352777777778,3,1591.73,1,3,4,134,"At Risk",4775.19,"Medium"
16058,42.1340277777778,1,62.7,2,2,1,221,"Others",62.7,"Low"
16059,3.39236111111111,7,1718.66,4,5,4,454,"Champions",12030.62,"High"
16060,36.3270833333333,3,541.95,2,3,3,233,"At Risk",1625.85,"Medium"
16061,67.1888888888889,1,89.65,2,2,1,221,"Others",89.65,"Low"
16062,15.0381944444444,4,1709.83,4,4,4,444,"Champions",6839.32,"High"
16064,361.159722222222,1,109.31,0,2,1,21,"Others",109.31,"Low"
16065,1.29027777777778,8,1992.13,4,5,4,454,"Champions",15937.04,"High"
16067,198.311111111111,3,3269.11,0,3,5,35,"At Risk",9807.33,"High"
16068,229.339583333333,1,115.73,0,2,1,21,"Others",115.73,"Low"
16069,53.3951388888889,1,457.7,2,2,2,222,"Others",457.7,"Low"
16071,163.263888888889,3,750.56,1,3,3,133,"At Risk",2251.68,"Medium"
16072,64.1340277777778,3,3595.77,2,3,5,235,"At Risk",10787.31,"High"
16074,26.2791666666667,1,252.5,3,2,2,322,"Others",252.5,"Low"
16075,138.354166666667,2,736.93,1,3,3,133,"At Risk",1473.86,"Medium"
16077,261.388194444444,1,2300.4,0,2,5,25,"Others",2300.4,"Medium"
16078,305.272222222222,1,283.79,0,2,2,22,"Others",283.79,"Low"
16080,21.4881944444444,2,385.4,3,3,2,332,"Loyal Customers",770.8,"Low"
16081,2.36458333333333,4,1637.14,4,4,4,444,"Champions",6548.56,"High"
16082,306.197916666667,1,106.75,0,2,1,21,"Others",106.75,"Low"
16083,18.2958333333333,2,1033.8,3,3,4,334,"Loyal Customers",2067.6,"Medium"
16085,16.2361111111111,7,1359.52,3,5,4,354,"Loyal Customers",9516.64,"High"
16086,3.26111111111111,6,1743.6,4,5,4,454,"Champions",10461.6,"High"
16087,25.1368055555556,5,1739.92,3,4,4,344,"Loyal Customers",8699.6,"High"
16088,211.40625,2,1437.43,0,3,4,34,"At Risk",2874.86,"Medium"
16089,22.2569444444444,2,263.49,3,3,2,332,"Loyal Customers",526.98,"Low"
16090,260.288888888889,1,180.56,0,2,1,21,"Others",180.56,"Low"
16092,140.354861111111,3,770.08,1,3,3,133,"At Risk",2310.24,"Medium"
16094,11.1715277777778,7,2617.33,4,5,5,455,"Champions",18321.31,"High"
16095,92.1298611111111,1,447.05,1,2,2,122,"Others",447.05,"Low"
16096,52.2069444444444,3,1264.35,2,3,4,234,"At Risk",3793.05,"Medium"
16098,9.42777777777778,8,2435.67,4,5,5,455,"Champions",19485.36,"High"
16099,53.2173611111111,4,841.3,2,4,3,243,"At Risk",3365.2,"Medium"
16100,98.3486111111111,1,582.64,1,2,3,123,"Others",582.64,"Low"
16101,70.3861111111111,3,1938.46,2,3,4,234,"At Risk",5815.38,"High"
16103,25.1368055555556,16,4762.07,3,5,5,355,"Loyal Customers",76193.12,"Very High"
16104,54.39375,8,2476.25,2,5,5,255,"At Risk",19810,"High"
16105,74.3493055555556,4,2049.23,1,4,4,144,"At Risk",8196.92,"High"
16108,70.2020833333333,3,1393.42,2,3,4,234,"At Risk",4180.26,"Medium"
16109,334.391666666667,1,327.6,0,2,2,22,"Others",327.6,"Low"
16110,158.289583333333,1,460.64,1,2,2,122,"Others",460.64,"Low"
16111,64.0069444444444,1,549.33,2,2,3,223,"Others",549.33,"Low"
16115,33.3569444444444,4,892.92,3,4,3,343,"Loyal Customers",3571.68,"Medium"
16117,38.3326388888889,2,422.19,2,3,2,232,"At Risk",844.38,"Low"
16118,288.43125,1,4376.25,0,2,5,25,"Others",4376.25,"Medium"
16119,30.2645833333333,6,1297.45,3,5,4,354,"Loyal Customers",7784.7,"High"
16120,58.19375,2,1658.37,2,3,4,234,"At Risk",3316.74,"Medium"
16121,26.3472222222222,3,595.38,3,3,3,333,"Loyal Customers",1786.14,"Medium"
16122,2.34722222222222,3,316.92,4,3,2,432,"Loyal Customers",950.76,"Low"
16124,54.2951388888889,3,1523.49,2,3,4,234,"At Risk",4570.47,"Medium"
16125,3.17569444444444,14,4292.35,4,5,5,455,"Champions",60092.9,"Very High"
16126,15.2638888888889,11,8356.83,3,5,5,355,"Loyal Customers",91925.13,"Very High"
16127,362.320833333333,1,145.06,0,2,1,21,"Others",145.06,"Low"
16128,16.1909722222222,6,1920.83,3,5,4,354,"Loyal Customers",11524.98,"High"
16129,43.2305555555556,3,1396.05,2,3,4,234,"At Risk",4188.15,"Medium"
16130,58.1993055555556,4,987.48,2,4,4,244,"At Risk",3949.92,"Medium"
16131,11.2784722222222,6,6450.88,4,5,5,455,"Champions",38705.28,"Very High"
16132,180.258333333333,2,664.2,0,3,3,33,"At Risk",1328.4,"Medium"
16133,12.3284722222222,23,8403.22,4,5,5,455,"Champions",193274.06,"Very High"
16134,59.3868055555556,3,1527.25,2,3,4,234,"At Risk",4581.75,"Medium"
16135,219.434722222222,1,301.9,0,2,2,22,"Others",301.9,"Low"
16136,299.3,1,237.42,0,2,1,21,"Others",237.42,"Low"
16137,316.20625,1,422.7,0,2,2,22,"Others",422.7,"Low"
16138,14.325,3,910.35,4,3,3,433,"Loyal Customers",2731.05,"Medium"
16139,358.359027777778,2,475.74,0,3,2,32,"At Risk",951.48,"Low"
16140,7.22291666666667,2,832.42,4,3,3,433,"Loyal Customers",1664.84,"Medium"
16141,53.2423611111111,1,335.54,2,2,2,222,"Others",335.54,"Low"
16143,5.19652777777778,7,2485.89,4,5,5,455,"Champions",17401.23,"High"
16145,24.16875,8,3005.95,3,5,5,355,"Loyal Customers",24047.6,"High"
16146,84.3854166666667,1,212.25,1,2,1,121,"Others",212.25,"Low"
16147,36.2118055555556,4,2023.91,2,4,4,244,"At Risk",8095.64,"High"
16148,72.4090277777778,1,310.3,1,2,2,122,"Others",310.3,"Low"
16149,65.1715277777778,1,141.7,2,2,1,221,"Others",141.7,"Low"
16150,8.06527777777778,6,2342.57,4,5,5,455,"Champions",14055.42,"High"
16153,56.4388888888889,6,3309.26,2,5,5,255,"At Risk",19855.56,"High"
16155,17.3319444444444,5,796.9,3,4,3,343,"Loyal Customers",3984.5,"Medium"
16156,18.4194444444444,11,3096.14,3,5,5,355,"Loyal Customers",34057.54,"Very High"
16158,158.254166666667,9,628.32,1,5,3,153,"At Risk",5654.88,"High"
16159,106.264583333333,3,884.59,1,3,3,133,"At Risk",2653.77,"Medium"
16161,4.41527777777778,25,7210.59,4,5,5,455,"Champions",180264.75,"Very High"
16163,1.14791666666667,5,1992.98,4,4,4,444,"Champions",9964.9,"High"
16165,141.238888888889,1,79.9,1,2,1,121,"Others",79.9,"Low"
16166,64.1784722222222,2,435.83,2,3,2,232,"At Risk",871.66,"Low"
16167,50.1861111111111,5,1386.12,2,4,4,244,"At Risk",6930.6,"High"
16168,5.34930555555556,40,6848.87,4,5,5,455,"Champions",273954.8,"Very High"
16170,31.4083333333333,14,4983.95,3,5,5,355,"Loyal Customers",69775.3,"Very High"
16172,109.255555555556,3,744.34,1,3,3,133,"At Risk",2233.02,"Medium"
16174,127.311111111111,4,1237.2,1,4,4,144,"At Risk",4948.8,"Medium"
16175,107.335416666667,3,798.85,1,3,3,133,"At Risk",2396.55,"Medium"
16176,57.2548611111111,4,2052.69,2,4,4,244,"At Risk",8210.76,"High"
16177,72.4090277777778,7,1915.36,1,5,4,154,"At Risk",13407.52,"High"
16178,37.21875,1,414.7,2,2,2,222,"Others",414.7,"Low"
16180,114.154861111111,5,5995.69,1,4,5,145,"At Risk",29978.45,"High"
16182,74.4305555555556,5,3354,1,4,5,145,"At Risk",16770,"High"
16183,30.3673611111111,3,739.1,3,3,3,333,"Loyal Customers",2217.3,"Medium"
16185,200.372916666667,1,115.31,0,2,1,21,"Others",115.31,"Low"
16186,8.22291666666667,15,5019.17,4,5,5,455,"Champions",75287.55,"Very High"
16188,44.3409722222222,1,105.8,2,2,1,221,"Others",105.8,"Low"
16190,30.4291666666667,7,2508.47,3,5,5,355,"Loyal Customers",17559.29,"High"
16191,11.3444444444444,11,10497.3,4,5,5,455,"Champions",115470.3,"Very High"
16192,371.314583333333,1,351.3,0,2,2,22,"Others",351.3,"Low"
16193,46.4,1,315.98,2,2,2,222,"Others",315.98,"Low"
16194,11.2729166666667,1,308.6,4,2,2,422,"Potential Loyalists",308.6,"Low"
16195,359.244444444444,1,323.25,0,2,2,22,"Others",323.25,"Low"
16196,124.347916666667,1,93.3,1,2,1,121,"Others",93.3,"Low"
16197,105.295138888889,9,2016.71,1,5,4,154,"At Risk",18150.39,"High"
16198,73.2513888888889,1,629.36,1,2,3,123,"Others",629.36,"Low"
16199,28.2958333333333,7,942.75,3,5,3,353,"Loyal Customers",6599.25,"High"
16200,18.3361111111111,10,4539.23,3,5,5,355,"Loyal Customers",45392.3,"Very High"
16201,51.3340277777778,1,248.65,2,2,1,221,"Others",248.65,"Low"
16202,53.24375,8,2136.72,2,5,4,254,"At Risk",17093.76,"High"
16203,8.18194444444444,3,521.64,4,3,3,433,"Loyal Customers",1564.92,"Medium"
16204,16.2069444444444,2,534.53,3,3,3,333,"Loyal Customers",1069.06,"Medium"
16205,32.3222222222222,3,1062.48,3,3,4,334,"Loyal Customers",3187.44,"Medium"
16206,23.4131944444444,9,2052.81,3,5,4,354,"Loyal Customers",18475.29,"High"
16208,30.2861111111111,8,2776.19,3,5,5,355,"Loyal Customers",22209.52,"High"
16209,18.2236111111111,4,1884.16,3,4,4,344,"Loyal Customers",7536.64,"High"
16210,4.37152777777778,19,17403.21,4,5,5,455,"Champions",330660.99,"Very High"
16211,57.2784722222222,2,543.57,2,3,3,233,"At Risk",1087.14,"Medium"
16212,254.322916666667,2,603.37,0,3,3,33,"At Risk",1206.74,"Medium"
16214,71.2527777777778,1,975.5,1,2,3,123,"Others",975.5,"Medium"
16218,9.35555555555556,7,1355.29,4,5,4,454,"Champions",9487.03,"High"
16219,136.345138888889,1,40.8,1,2,1,121,"Others",40.8,"Low"
16221,3.28333333333333,7,1325.8,4,5,4,454,"Champions",9280.6,"High"
16222,357.229166666667,1,498.5,0,2,2,22,"Others",498.5,"Low"
16223,10.3409722222222,2,1087.05,4,3,4,434,"Loyal Customers",2174.1,"Medium"
16224,23.2826388888889,1,321.24,3,2,2,322,"Others",321.24,"Low"
16225,38.1819444444444,10,1762.99,2,5,4,254,"At Risk",17629.9,"High"
16226,14.2673611111111,2,417.05,4,3,2,432,"Loyal Customers",834.1,"Low"
16227,130.239583333333,2,713,1,3,3,133,"At Risk",1426,"Medium"
16228,21.2368055555556,3,885.71,3,3,3,333,"Loyal Customers",2657.13,"Medium"
16229,17.3333333333333,4,1857.26,3,4,4,344,"Loyal Customers",7429.04,"High"
16231,15.2090277777778,4,1074.47,4,4,4,444,"Champions",4297.88,"Medium"
16232,56.1673611111111,3,1722.09,2,3,4,234,"At Risk",5166.27,"Medium"
16233,2.29861111111111,7,1429.03,4,5,4,454,"Champions",10003.21,"High"
16234,112.227777777778,3,333.18,1,3,2,132,"At Risk",999.54,"Medium"
16235,11.44375,4,1186.4,4,4,4,444,"Champions",4745.6,"Medium"
16237,73.1243055555556,1,136.65,1,2,1,121,"Others",136.65,"Low"
16238,58.3090277777778,1,63.66,2,2,1,221,"Others",63.66,"Low"
16239,18.1486111111111,4,1078,3,4,4,344,"Loyal Customers",4312,"Medium"
16241,5.37291666666667,4,1680.2,4,4,4,444,"Champions",6720.8,"High"
16242,17.1388888888889,7,3824.79,3,5,5,355,"Loyal Customers",26773.53,"High"
16244,8.34722222222222,1,1056.63,4,2,4,424,"Potential Loyalists",1056.63,"Medium"
16246,95.33125,2,821.35,1,3,3,133,"At Risk",1642.7,"Medium"
16250,9.41805555555556,2,401.94,4,3,2,432,"Loyal Customers",803.88,"Low"
16251,148.2125,1,128.31,1,2,1,121,"Others",128.31,"Low"
16252,18.3361111111111,1,295.09,3,2,2,322,"Others",295.09,"Low"
16253,56.2152777777778,5,3588.34,2,4,5,245,"At Risk",17941.7,"High"
16254,14.2770833333333,3,967.44,4,3,3,433,"Loyal Customers",2902.32,"Medium"
16255,1.23333333333333,8,2284.34,4,5,5,455,"Champions",18274.72,"High"
16256,129.460416666667,2,876.94,1,3,3,133,"At Risk",1753.88,"Medium"
16258,23.3423611111111,10,6739.01,3,5,5,355,"Loyal Customers",67390.1,"Very High"
16259,46.2319444444444,3,340.94,2,3,2,232,"At Risk",1022.82,"Medium"
16261,22.0270833333333,2,312.62,3,3,2,332,"Loyal Customers",625.24,"Low"
16262,14.2770833333333,1,755.15,4,2,3,423,"Potential Loyalists",755.15,"Low"
16263,59.2145833333333,1,348.16,2,2,2,222,"Others",348.16,"Low"
16264,74.2090277777778,2,823.53,1,3,3,133,"At Risk",1647.06,"Medium"
16265,22.4131944444444,3,1488.17,3,3,4,334,"Loyal Customers",4464.51,"Medium"
16266,59.1118055555556,7,896.06,2,5,3,253,"At Risk",6272.42,"High"
16267,227.24375,1,186.66,0,2,1,21,"Others",186.66,"Low"
16269,73.3409722222222,1,717.57,1,2,3,123,"Others",717.57,"Low"
16271,93.2090277777778,5,1993.18,1,4,4,144,"At Risk",9965.9,"High"
16273,284.275694444444,2,318.34,0,3,2,32,"At Risk",636.68,"Low"
16274,9.18472222222222,1,351.75,4,2,2,422,"Potential Loyalists",351.75,"Low"
16275,110.35625,2,1591.24,1,3,4,134,"At Risk",3182.48,"Medium"
16276,115.264583333333,2,1818.79,1,3,4,134,"At Risk",3637.58,"Medium"
16277,369.356944444444,1,188.69,0,2,1,21,"Others",188.69,"Low"
16278,116.265972222222,2,551.46,1,3,3,133,"At Risk",1102.92,"Medium"
16279,21.3423611111111,6,4195.5,3,5,5,355,"Loyal Customers",25173,"High"
16280,361.175,1,238.05,0,2,1,21,"Others",238.05,"Low"
16281,59.4583333333333,2,1361.96,2,3,4,234,"At Risk",2723.92,"Medium"
16282,123.398611111111,2,1139.28,1,3,4,134,"At Risk",2278.56,"Medium"
16283,54.1555555555556,3,2779.51,2,3,5,235,"At Risk",8338.53,"High"
16284,29.2736111111111,1,205.8,3,2,1,321,"Others",205.8,"Low"
16285,282.165277777778,1,176.9,0,2,1,21,"Others",176.9,"Low"
16286,113.217361111111,2,328.95,1,3,2,132,"At Risk",657.9,"Low"
16287,12.2208333333333,4,864.48,4,4,3,443,"Loyal Customers",3457.92,"Medium"
16288,106.219444444444,1,129.85,1,2,1,121,"Others",129.85,"Low"
16289,98.2493055555556,1,136.31,1,2,1,121,"Others",136.31,"Low"
16290,100.339583333333,4,1957.7,1,4,4,144,"At Risk",7830.8,"High"
16291,318.149305555556,1,117.72,0,2,1,21,"Others",117.72,"Low"
16292,16.2777777777778,4,951.51,3,4,3,343,"Loyal Customers",3806.04,"Medium"
16293,3.20763888888889,6,2408.96,4,5,5,455,"Champions",14453.76,"High"
16294,112.333333333333,1,126.05,1,2,1,121,"Others",126.05,"Low"
16296,262.284722222222,4,1313.67,0,4,4,44,"At Risk",5254.68,"Medium"
16298,33.2284722222222,4,487.5,3,4,2,342,"Loyal Customers",1950,"Medium"
16299,113.09375,1,193.65,1,2,1,121,"Others",193.65,"Low"
16300,66.2826388888889,3,1367.32,2,3,4,234,"At Risk",4101.96,"Medium"
16301,372.403472222222,1,107.33,0,2,1,21,"Others",107.33,"Low"
16303,28.2055555555556,4,2567.64,3,4,5,345,"Loyal Customers",10270.56,"High"
16304,330.479861111111,1,381.66,0,2,2,22,"Others",381.66,"Low"
16306,3.19652777777778,2,560.55,4,3,3,433,"Loyal Customers",1121.1,"Medium"
16307,65.2291666666667,3,1194.92,2,3,4,234,"At Risk",3584.76,"Medium"
16308,42.3277777777778,3,2560,2,3,5,235,"At Risk",7680,"High"
16310,50.2180555555556,2,460.08,2,3,2,232,"At Risk",920.16,"Low"
16312,68.2402777777778,1,171.15,2,2,1,221,"Others",171.15,"Low"
16314,25.3298611111111,3,1491.4,3,3,4,334,"Loyal Customers",4474.2,"Medium"
16315,172.255555555556,1,176.34,1,2,1,121,"Others",176.34,"Low"
16316,16.4763888888889,5,2806,3,4,5,345,"Loyal Customers",14030,"High"
16317,186.234027777778,2,850.86,0,3,3,33,"At Risk",1701.72,"Medium"
16320,89.2569444444444,4,4590.53,1,4,5,145,"At Risk",18362.12,"High"
16321,262.166666666667,2,230.9,0,3,1,31,"At Risk",461.8,"Low"
16323,213.425694444444,1,146.16,0,2,1,21,"Others",146.16,"Low"
16325,60.43125,9,3003.26,2,5,5,255,"At Risk",27029.34,"High"
16326,19.3736111111111,10,1682.03,3,5,4,354,"Loyal Customers",16820.3,"High"
16327,5.30416666666667,11,6874.97,4,5,5,455,"Champions",75624.67,"Very High"
16328,199.249305555556,1,310.83,0,2,2,22,"Others",310.83,"Low"
16329,63.3034722222222,4,1664.92,2,4,4,244,"At Risk",6659.68,"High"
16330,60.2097222222222,4,373.47,2,4,2,242,"At Risk",1493.88,"Medium"
16331,68.2597222222222,6,2037.7,2,5,4,254,"At Risk",12226.2,"High"
16332,67.2833333333333,4,417.21,2,4,2,242,"At Risk",1668.84,"Medium"
16334,128.140972222222,1,263.73,1,2,2,122,"Others",263.73,"Low"
16335,187.351388888889,7,2753.52,0,5,5,55,"At Risk",19274.64,"High"
16336,56.3118055555556,4,3517.69,2,4,5,245,"At Risk",14070.76,"High"
16340,75.2986111111111,2,961.93,1,3,3,133,"At Risk",1923.86,"Medium"
16341,73.0875,3,1878.92,1,3,4,134,"At Risk",5636.76,"High"
16343,43.2402777777778,1,285.54,2,2,2,222,"Others",285.54,"Low"
16344,145.354166666667,3,741.32,1,3,3,133,"At Risk",2223.96,"Medium"
16345,119.116666666667,1,613.33,1,2,3,123,"Others",613.33,"Low"
16346,21.1708333333333,1,224.51,3,2,1,321,"Others",224.51,"Low"
16347,24.2402777777778,9,2595.51,3,5,5,355,"Loyal Customers",23359.59,"High"
16348,66.2527777777778,1,328.77,2,2,2,222,"Others",328.77,"Low"
16350,10.3125,5,1137.42,4,4,4,444,"Champions",5687.1,"High"
16351,47.3611111111111,12,3176.13,2,5,5,255,"At Risk",38113.56,"Very High"
16353,5.32777777777778,16,3323.75,4,5,5,455,"Champions",53180,"Very High"
16354,15.3215277777778,3,723.66,3,4,3,343,"Loyal Customers",2170.98,"Medium"
16355,11.2361111111111,1,416.35,4,2,2,422,"Potential Loyalists",416.35,"Low"
16356,12.1916666666667,3,204.1,4,4,1,441,"Loyal Customers",612.3,"Low"
16357,17.0479166666667,1,209.49,3,2,1,321,"Others",209.49,"Low"
16358,30.3506944444444,1,892.15,3,2,3,323,"Others",892.15,"Low"
16359,12.3,7,946.83,4,5,3,453,"Loyal Customers",6627.81,"High"
16362,73.4423611111111,1,212.17,1,2,1,121,"Others",212.17,"Low"
16365,3.1125,7,1766.78,4,5,4,454,"Champions",12367.46,"High"
16366,218.272916666667,3,1220.83,0,4,4,44,"At Risk",3662.49,"Medium"
16367,19.2763888888889,1,549.81,3,2,3,323,"Others",549.81,"Low"
16368,71.3548611111111,1,141.53,1,2,1,121,"Others",141.53,"Low"
16369,72.2597222222222,4,1111.15,1,4,4,144,"At Risk",4444.6,"Medium"
16371,84.3277777777778,1,157.2,1,2,1,121,"Others",157.2,"Low"
16372,45.2965277777778,3,934.58,2,4,3,243,"At Risk",2803.74,"Medium"
16373,18.1743055555556,2,309.49,3,3,2,332,"Loyal Customers",618.98,"Low"
16374,38.2736111111111,3,1256.67,2,4,4,244,"At Risk",3770.01,"Medium"
16375,106.233333333333,2,104,1,3,1,131,"At Risk",208,"Low"
16377,253.392361111111,1,632.28,0,2,3,23,"Others",632.28,"Low"
16381,31.4201388888889,2,247.85,3,3,1,331,"Loyal Customers",495.7,"Low"
16382,44.1513888888889,2,353.1,2,3,2,232,"At Risk",706.2,"Low"
16383,32.2173611111111,5,2252.93,3,4,5,345,"Loyal Customers",11264.65,"High"
16384,65.3,2,774.45,2,3,3,233,"At Risk",1548.9,"Medium"
16385,2.29513888888889,3,473.69,4,4,2,442,"Loyal Customers",1421.07,"Medium"
16386,23.3625,1,765.59,3,2,3,323,"Others",765.59,"Low"
16387,31.4576388888889,4,788.1,3,4,3,343,"Loyal Customers",3152.4,"Medium"
16388,289.403472222222,1,186.05,0,2,1,21,"Others",186.05,"Low"
16390,172.409722222222,3,467.5,1,4,2,142,"At Risk",1402.5,"Medium"
16391,36.3152777777778,4,1052.26,2,4,4,244,"At Risk",4209.04,"Medium"
16392,49.3479166666667,2,538.81,2,3,3,233,"At Risk",1077.62,"Medium"
16393,5.28541666666667,11,2441.61,4,5,5,455,"Champions",26857.71,"High"
16395,29.3215277777778,9,2036.35,3,5,4,354,"Loyal Customers",18327.15,"High"
16396,112.238888888889,1,137.8,1,2,1,121,"Others",137.8,"Low"
16397,264.184027777778,1,123.13,0,2,1,21,"Others",123.13,"Low"
16399,25.2069444444444,1,222.2,3,2,1,321,"Others",222.2,"Low"
16400,31.2430555555556,8,2755.92,3,5,5,355,"Loyal Customers",22047.36,"High"
16401,15.4868055555556,11,2750.83,3,5,5,355,"Loyal Customers",30259.13,"High"
16402,5.26319444444444,1,205.65,4,2,1,421,"Potential Loyalists",205.65,"Low"
16406,86.3388888888889,2,374.01,1,3,2,132,"At Risk",748.02,"Low"
16407,25.1284722222222,4,681.97,3,4,3,343,"Loyal Customers",2727.88,"Medium"
16408,227.245138888889,1,231.93,0,2,1,21,"Others",231.93,"Low"
16409,16.275,7,3629.76,3,5,5,355,"Loyal Customers",25408.32,"High"
16410,370.215277777778,1,130.32,0,2,1,21,"Others",130.32,"Low"
16411,5.27430555555556,3,673.24,4,4,3,443,"Loyal Customers",2019.72,"Medium"
16412,29.3395833333333,4,457.2,3,4,2,342,"Loyal Customers",1828.8,"Medium"
16413,11.3,1,259.83,4,2,2,422,"Potential Loyalists",259.83,"Low"
16414,67.3208333333333,3,424.96,2,4,2,242,"At Risk",1274.88,"Medium"
16415,219.340277777778,2,496.49,0,3,2,32,"At Risk",992.98,"Medium"
16416,26.2756944444444,6,1906.48,3,5,4,354,"Loyal Customers",11438.88,"High"
16417,128.453472222222,1,35.7,1,2,1,121,"Others",35.7,"Low"
16418,44.2958333333333,2,397.62,2,3,2,232,"At Risk",795.24,"Low"
16419,213.321527777778,2,504.99,0,3,3,33,"At Risk",1009.98,"Medium"
16420,32.1986111111111,1,75,3,2,1,321,"Others",75,"Low"
16421,12.2708333333333,3,526.27,4,4,3,443,"Loyal Customers",1578.81,"Medium"
16422,5.18472222222222,59,28904.67,4,5,5,455,"Champions",1705375.53,"Very High"
16424,18.3590277777778,1,309.5,3,2,2,322,"Others",309.5,"Low"
16428,49.31875,3,638.49,2,4,3,243,"At Risk",1915.47,"Medium"
16430,17.2138888888889,6,817.09,3,5,3,353,"Loyal Customers",4902.54,"Medium"
16433,44.3159722222222,1,200.26,2,2,1,221,"Others",200.26,"Low"
16434,82.2673611111111,5,1161.89,1,4,4,144,"At Risk",5809.45,"High"
16435,148.06875,3,1003.07,1,4,4,144,"At Risk",3009.21,"Medium"
16436,304.279166666667,3,319.14,0,4,2,42,"At Risk",957.42,"Low"
16437,17.1263888888889,2,301.25,3,3,2,332,"Loyal Customers",602.5,"Low"
16439,358.235416666667,1,310.7,0,2,2,22,"Others",310.7,"Low"
16440,129.353472222222,1,216.3,1,2,1,121,"Others",216.3,"Low"
16441,53.2944444444444,3,637.93,2,4,3,243,"At Risk",1913.79,"Medium"
16442,240.268055555556,2,282.68,0,3,2,32,"At Risk",565.36,"Low"
16443,156.336111111111,1,162.24,1,2,1,121,"Others",162.24,"Low"
16444,26.4027777777778,13,2971.21,3,5,5,355,"Loyal Customers",38625.73,"Very High"
16445,22.35,3,352.65,3,4,2,342,"Loyal Customers",1057.95,"Medium"
16447,226.277777777778,2,471.19,0,3,2,32,"At Risk",942.38,"Low"
16448,107.127083333333,1,178.13,1,2,1,121,"Others",178.13,"Low"
16450,220.2625,2,1193.81,0,3,4,34,"At Risk",2387.62,"Medium"
16451,197.086805555556,2,746.18,0,3,3,33,"At Risk",1492.36,"Medium"
16452,266.306944444444,2,332.17,0,3,2,32,"At Risk",664.34,"Low"
16453,166.302083333333,2,251.71,1,3,2,132,"At Risk",503.42,"Low"
16454,242.422916666667,2,24.05,0,3,1,31,"At Risk",48.1,"Low"
16455,7.13611111111111,6,2535.69,4,5,5,455,"Champions",15214.14,"High"
16456,9.24305555555556,9,4630.16,4,5,5,455,"Champions",41671.44,"Very High"
16458,11.3048611111111,12,2208.15,4,5,5,455,"Champions",26497.8,"High"
16459,365.304861111111,1,71.79,0,2,1,21,"Others",71.79,"Low"
16461,226.338194444444,2,1402.91,0,3,4,34,"At Risk",2805.82,"Medium"
16465,56.4402777777778,2,746.24,2,3,3,233,"At Risk",1492.48,"Medium"
16466,19.3548611111111,8,2171.13,3,5,5,355,"Loyal Customers",17369.04,"High"
16467,144.341666666667,7,2869.16,1,5,5,155,"At Risk",20084.12,"High"
16468,106.142361111111,2,712.62,1,3,3,133,"At Risk",1425.24,"Medium"
16469,150.280555555556,1,178.48,1,2,1,121,"Others",178.48,"Low"
16470,32.3145833333333,7,1664.08,3,5,4,354,"Loyal Customers",11648.56,"High"
16471,29.1763888888889,3,966.03,3,4,3,343,"Loyal Customers",2898.09,"Medium"
16472,70.2534722222222,2,789.6,2,3,3,233,"At Risk",1579.2,"Medium"
16473,10.1472222222222,1,154.72,4,2,1,421,"Potential Loyalists",154.72,"Low"
16476,67.3972222222222,1,350.35,2,2,2,222,"Others",350.35,"Low"
16477,7.30069444444444,5,1825.56,4,4,4,444,"Champions",9127.8,"High"
16481,318.286111111111,1,453.38,0,2,2,22,"Others",453.38,"Low"
16485,68.1881944444444,4,1923.54,2,4,4,244,"At Risk",7694.16,"High"
16486,173.322916666667,1,134.36,1,2,1,121,"Others",134.36,"Low"
16487,213.265972222222,2,209.4,0,3,1,31,"At Risk",418.8,"Low"
16489,16.2229166666667,2,303.7,3,3,2,332,"Loyal Customers",607.4,"Low"
16490,72.1465277777778,1,205.41,1,2,1,121,"Others",205.41,"Low"
16491,49.1798611111111,1,801.66,2,2,3,223,"Others",801.66,"Low"
16492,176.486805555556,1,385.56,0,2,2,22,"Others",385.56,"Low"
16493,80.3083333333333,3,780.46,1,4,3,143,"At Risk",2341.38,"Medium"
16496,67.3104166666667,3,731.25,2,4,3,243,"At Risk",2193.75,"Medium"
16497,49.3756944444444,17,3729.59,2,5,5,255,"At Risk",63403.03,"Very High"
16499,10.3208333333333,6,2212.89,4,5,5,455,"Champions",13277.34,"High"
16500,10.4270833333333,3,443.05,4,4,2,442,"Loyal Customers",1329.15,"Medium"
16501,19.24375,1,1191.23,3,2,4,324,"Others",1191.23,"Medium"
16502,256.261805555556,2,258.55,0,3,2,32,"At Risk",517.1,"Low"
16503,31.4354166666667,7,2182.41,3,5,5,355,"Loyal Customers",15276.87,"High"
16507,208.295138888889,1,142.71,0,2,1,21,"Others",142.71,"Low"
16508,266.263888888889,1,240.95,0,2,1,21,"Others",240.95,"Low"
16510,8.26527777777778,6,1777.5,4,5,4,454,"Champions",10665,"High"
16511,33.1881944444444,3,842.16,3,4,3,343,"Loyal Customers",2526.48,"Medium"
16515,15.3104166666667,5,1554.92,3,4,4,344,"Loyal Customers",7774.6,"High"
16518,57.3243055555556,2,475.05,2,3,2,232,"At Risk",950.1,"Low"
16519,1.24513888888889,3,327.68,4,4,2,442,"Loyal Customers",983.04,"Medium"
16520,1.28680555555556,4,1427.57,4,4,4,444,"Champions",5710.28,"High"
16521,51.2861111111111,3,1140.11,2,4,4,244,"At Risk",3420.33,"Medium"
16522,71.3798611111111,2,433.36,1,3,2,132,"At Risk",866.72,"Low"
16523,51.3048611111111,7,2497.86,2,5,5,255,"At Risk",17485.02,"High"
16524,82.2666666666667,2,306.19,1,3,2,132,"At Risk",612.38,"Low"
16525,2.35416666666667,23,11535.29,4,5,5,455,"Champions",265311.67,"Very High"
16526,220.14375,1,426.85,0,2,2,22,"Others",426.85,"Low"
16527,60.275,1,1004.88,2,2,4,224,"Others",1004.88,"Medium"
16529,113.300694444444,3,1531.55,1,4,4,144,"At Risk",4594.65,"Medium"
16530,304.188194444444,1,48.35,0,2,1,21,"Others",48.35,"Low"
16531,17.1861111111111,4,1053.74,3,4,4,344,"Loyal Customers",4214.96,"Medium"
16532,67.3395833333333,2,2007.84,2,3,4,234,"At Risk",4015.68,"Medium"
16534,278.176388888889,1,635.9,0,2,3,23,"Others",635.9,"Low"
16535,21.2916666666667,2,378.29,3,3,2,332,"Loyal Customers",756.58,"Low"
16537,277.263888888889,1,23.35,0,2,1,21,"Others",23.35,"Low"
16538,177.126388888889,3,395.07,0,4,2,42,"At Risk",1185.21,"Medium"
16539,9.18125,7,2343.2,4,5,5,455,"Champions",16402.4,"High"
16540,50.1104166666667,1,205.75,2,2,1,221,"Others",205.75,"Low"
16541,371.277083333333,1,424.03,0,2,2,22,"Others",424.03,"Low"
16542,37.2201388888889,1,137.7,2,2,1,221,"Others",137.7,"Low"
16543,227.349305555556,1,292.21,0,2,2,22,"Others",292.21,"Low"
16544,155.368055555556,4,376.7,1,4,2,142,"At Risk",1506.8,"Medium"
16545,11.3902777777778,1,350.52,4,2,2,422,"Potential Loyalists",350.52,"Low"
16546,8.32916666666667,4,4819.32,4,4,5,445,"Champions",19277.28,"High"
16547,182.290972222222,1,104.26,0,2,1,21,"Others",104.26,"Low"
16548,235.156944444444,1,30.15,0,2,1,21,"Others",30.15,"Low"
16549,33.1472222222222,24,8746.9,3,5,5,355,"Loyal Customers",209925.6,"Very High"
16550,4.25555555555556,14,7069.27,4,5,5,455,"Champions",98969.78,"Very High"
16551,59.2027777777778,4,1315,2,4,4,244,"At Risk",5260,"Medium"
16552,9.30902777777778,1,95.29,4,2,1,421,"Potential Loyalists",95.29,"Low"
16553,32.2409722222222,21,10864.19,3,5,5,355,"Loyal Customers",228147.99,"Very High"
16554,22.3347222222222,5,2004.62,3,4,4,344,"Loyal Customers",10023.1,"High"
16555,141.2625,4,1629.79,1,4,4,144,"At Risk",6519.16,"High"
16556,11.15,10,4698.79,4,5,5,455,"Champions",46987.9,"Very High"
16558,2.33333333333333,19,5535.02,4,5,5,455,"Champions",105165.38,"Very High"
16559,33.25625,1,175,3,2,1,321,"Others",175,"Low"
16560,33.33125,6,2206.97,3,5,5,355,"Loyal Customers",13241.82,"High"
16562,112.344444444444,1,223.86,1,2,1,121,"Others",223.86,"Low"
16563,36.2430555555556,5,3334.82,2,4,5,245,"At Risk",16674.1,"High"
16564,205.222222222222,1,87.8,0,2,1,21,"Others",87.8,"Low"
16565,42.1875,3,599.35,2,4,3,243,"At Risk",1798.05,"Medium"
16568,63.3798611111111,2,1020.9,2,3,4,234,"At Risk",2041.8,"Medium"
16569,267.195833333333,4,1331.03,0,4,4,44,"At Risk",5324.12,"Medium"
16570,15.2902777777778,10,3695.91,3,5,5,355,"Loyal Customers",36959.1,"Very High"
16571,31.0972222222222,7,2827.05,3,5,5,355,"Loyal Customers",19789.35,"High"
16574,59.4416666666667,2,850.34,2,3,3,233,"At Risk",1700.68,"Medium"
16576,56.2666666666667,2,540.87,2,3,3,233,"At Risk",1081.74,"Medium"
16577,302.427777777778,1,380,0,2,2,22,"Others",380,"Low"
16578,262.201388888889,1,156.6,0,2,1,21,"Others",156.6,"Low"
16579,61.3354166666667,1,295.05,2,2,2,222,"Others",295.05,"Low"
16583,9.33194444444444,2,297.95,4,3,2,432,"Loyal Customers",595.9,"Low"
16584,68.2284722222222,3,2220.09,2,4,5,245,"At Risk",6660.27,"High"
16585,229.39375,2,341.59,0,3,2,32,"At Risk",683.18,"Low"
16586,80.4097222222222,2,998.83,1,3,4,134,"At Risk",1997.66,"Medium"
16588,22.0868055555556,4,1361.28,3,4,4,344,"Loyal Customers",5445.12,"Medium"
16589,86.2118055555556,1,153.12,1,2,1,121,"Others",153.12,"Low"
16590,36.4548611111111,2,605.9,2,3,3,233,"At Risk",1211.8,"Medium"
16592,11.1958333333333,12,3694.23,4,5,5,455,"Champions",44330.76,"Very High"
16593,26.2847222222222,5,741.11,3,4,3,343,"Loyal Customers",3705.55,"Medium"
16595,12.2402777777778,4,1397.59,4,4,4,444,"Champions",5590.36,"High"
16596,2.15486111111111,3,329.48,4,4,2,442,"Loyal Customers",988.44,"Medium"
16599,21.3027777777778,1,172.8,3,2,1,321,"Others",172.8,"Low"
16600,10.26875,7,1339.89,4,5,4,454,"Champions",9379.23,"High"
16601,26.3548611111111,2,434.3,3,3,2,332,"Loyal Customers",868.6,"Low"
16602,24.45,1,235.25,3,2,1,321,"Others",235.25,"Low"
16604,198.452083333333,2,432.45,0,3,2,32,"At Risk",864.9,"Low"
16605,360.040277777778,1,60.48,0,2,1,21,"Others",60.48,"Low"
16606,40.2527777777778,2,357.66,2,3,2,232,"At Risk",715.32,"Low"
16607,35.2944444444444,11,2359.16,3,5,5,355,"Loyal Customers",25950.76,"High"
16608,89.3451388888889,2,1286.62,1,3,4,134,"At Risk",2573.24,"Medium"
16611,39.4361111111111,5,1655.64,2,4,4,244,"At Risk",8278.2,"High"
16612,15.2826388888889,5,2057.77,3,4,4,344,"Loyal Customers",10288.85,"High"
16614,38.0784722222222,2,673.6,2,3,3,233,"At Risk",1347.2,"Medium"
16615,262.2,1,291.5,0,2,2,22,"Others",291.5,"Low"
16619,19.1659722222222,3,1712.12,3,4,4,344,"Loyal Customers",5136.36,"Medium"
16620,25.4493055555556,4,1579.97,3,4,4,344,"Loyal Customers",6319.88,"High"
16622,179.386805555556,1,225.4,0,2,1,21,"Others",225.4,"Low"
16623,37.3305555555556,3,885.79,2,4,3,243,"At Risk",2657.37,"Medium"
16625,58.4368055555556,4,1320.95,2,4,4,244,"At Risk",5283.8,"Medium"
16628,43.4743055555556,2,130.05,2,3,1,231,"At Risk",260.1,"Low"
16630,43.2298611111111,1,106.8,2,2,1,221,"Others",106.8,"Low"
16631,117.361805555556,7,1892.52,1,5,4,154,"At Risk",13247.64,"High"
16632,121.348611111111,2,406.4,1,3,2,132,"At Risk",812.8,"Low"
16634,8.09722222222222,5,1596.71,4,4,4,444,"Champions",7983.55,"High"
16635,42.4305555555556,1,473,2,2,2,222,"Others",473,"Low"
16636,74.2833333333333,4,3802.04,1,4,5,145,"At Risk",15208.16,"High"
16638,4.40416666666667,6,749.81,4,5,3,453,"Loyal Customers",4498.86,"Medium"
16639,45.0680555555556,1,490.47,2,2,2,222,"Others",490.47,"Low"
16640,33.3840277777778,1,179.4,3,2,1,321,"Others",179.4,"Low"
16641,337.31875,1,323.4,0,2,2,22,"Others",323.4,"Low"
16642,51.2354166666667,1,389.12,2,2,2,222,"Others",389.12,"Low"
16643,58.4263888888889,1,435.6,2,2,2,222,"Others",435.6,"Low"
16645,371.425,1,160.39,0,2,1,21,"Others",160.39,"Low"
16646,85.2729166666667,1,678.8,1,2,3,123,"Others",678.8,"Low"
16647,78.2277777777778,2,327.84,1,3,2,132,"At Risk",655.68,"Low"
16648,91.3347222222222,2,382.14,1,3,2,132,"At Risk",764.28,"Low"
16649,156.180555555556,1,306.58,1,2,2,122,"Others",306.58,"Low"
16650,56.1895833333333,6,1397.69,2,5,4,254,"At Risk",8386.14,"High"
16651,222.34375,1,136.2,0,2,1,21,"Others",136.2,"Low"
16652,40.1861111111111,9,10776.42,2,5,5,255,"At Risk",96987.78,"Very High"
16654,4.20277777777778,5,1110.2,4,4,4,444,"Champions",5551,"Medium"
16655,47.2097222222222,7,2633.74,2,5,5,255,"At Risk",18436.18,"High"
16656,56.2819444444444,15,8207.37,2,5,5,255,"At Risk",123110.55,"Very High"
16658,4.25972222222222,6,690.83,4,5,3,453,"Loyal Customers",4144.98,"Medium"
16660,58.3493055555556,3,611.9,2,4,3,243,"At Risk",1835.7,"Medium"
16661,176.192361111111,4,932.76,0,4,3,43,"At Risk",3731.04,"Medium"
16662,30.1284722222222,1,151.05,3,2,1,321,"Others",151.05,"Low"
16663,365.284027777778,1,165,0,2,1,21,"Others",165,"Low"
16664,205.118055555556,1,109.2,0,2,1,21,"Others",109.2,"Low"
16666,257.2,1,98.73,0,2,1,21,"Others",98.73,"Low"
16668,23.3673611111111,7,555.7,3,5,3,353,"Loyal Customers",3889.9,"Medium"
16670,29.1208333333333,9,3934.25,3,5,5,355,"Loyal Customers",35408.25,"Very High"
16673,315.235416666667,1,171.13,0,2,1,21,"Others",171.13,"Low"
16675,77.3236111111111,2,608.86,1,3,3,133,"At Risk",1217.72,"Medium"
16676,38.0291666666667,2,769.78,2,3,3,233,"At Risk",1539.56,"Medium"
16677,47.2138888888889,2,880.62,2,3,3,233,"At Risk",1761.24,"Medium"
16679,2.25694444444444,3,663.31,4,4,3,443,"Loyal Customers",1989.93,"Medium"
16680,164.214583333333,2,637.75,1,3,3,133,"At Risk",1275.5,"Medium"
16681,277.24375,1,151.5,0,2,1,21,"Others",151.5,"Low"
16683,169.392361111111,1,320.25,1,2,2,122,"Others",320.25,"Low"
16684,15.3729166666667,27,80489.21,3,5,5,355,"Loyal Customers",2173208.67,"Very High"
16686,25.2166666666667,9,1921.19,3,5,4,354,"Loyal Customers",17290.71,"High"
16687,26.34375,1,157.63,3,2,1,321,"Others",157.63,"Low"
16690,29.1569444444444,2,127.45,3,3,1,331,"Loyal Customers",254.9,"Low"
16691,54.2069444444444,2,178.83,2,3,1,231,"At Risk",357.66,"Low"
16692,44.3972222222222,2,638.7,2,3,3,233,"At Risk",1277.4,"Medium"
16693,47.3513888888889,3,701.62,2,4,3,243,"At Risk",2104.86,"Medium"
16694,359.177777777778,1,98.3,0,2,1,21,"Others",98.3,"Low"
16695,197.309027777778,2,191.9,0,3,1,31,"At Risk",383.8,"Low"
16699,16.2243055555556,7,994.6,3,5,4,354,"Loyal Customers",6962.2,"High"
16700,2.14375,13,4091.16,4,5,5,455,"Champions",53185.08,"Very High"
16701,59.0729166666667,13,4518.43,2,5,5,255,"At Risk",58739.59,"Very High"
16702,51.24375,4,1110.83,2,4,4,244,"At Risk",4443.32,"Medium"
16704,254.249305555556,2,664.16,0,3,3,33,"At Risk",1328.32,"Medium"
16705,36.21875,22,29480.061,2,5,5,255,"At Risk",648561.342,"Very High"
16707,36.2236111111111,4,533.41,2,4,3,243,"At Risk",2133.64,"Medium"
16709,15.3145833333333,9,6026.14,3,5,5,355,"Loyal Customers",54235.26,"Very High"
16710,4.28333333333333,13,3823.78,4,5,5,455,"Champions",49709.14,"Very High"
16711,15.2555555555556,4,1217.45,4,4,4,444,"Champions",4869.8,"Medium"
16712,37.1715277777778,2,621.56,2,3,3,233,"At Risk",1243.12,"Medium"
16713,2.29166666666667,18,7619.21,4,5,5,455,"Champions",137145.78,"Very High"
16714,306.363888888889,1,368.27,0,2,2,22,"Others",368.27,"Low"
16715,198.309722222222,1,323.8,0,2,2,22,"Others",323.8,"Low"
16716,266.372222222222,1,1248.48,0,2,4,24,"Others",1248.48,"Medium"
16717,2.13402777777778,9,3127.85,4,5,5,455,"Champions",28150.65,"High"
16718,5.29027777777778,5,3006.08,4,4,5,445,"Champions",15030.4,"High"
16719,4.32986111111111,8,2174.13,4,5,5,455,"Champions",17393.04,"High"
16720,12.2166666666667,2,605.79,4,3,3,433,"Loyal Customers",1211.58,"Medium"
16722,2.18263888888889,11,4258.27,4,5,5,455,"Champions",46840.97,"Very High"
16723,79.3722222222222,2,654.96,1,3,3,133,"At Risk",1309.92,"Medium"
16724,40.3479166666667,1,147.35,2,2,1,221,"Others",147.35,"Low"
16725,7.16597222222222,8,1052.14,4,5,4,454,"Champions",8417.12,"High"
16726,19.2479166666667,2,705.14,3,3,3,333,"Loyal Customers",1410.28,"Medium"
16727,28.2472222222222,3,1121.45,3,4,4,344,"Loyal Customers",3364.35,"Medium"
16731,284.205555555556,1,170.3,0,2,1,21,"Others",170.3,"Low"
16732,39.2694444444444,3,3783.89,2,4,5,245,"At Risk",11351.67,"High"
16733,165.409027777778,1,259.68,1,2,2,122,"Others",259.68,"Low"
16735,29.1916666666667,9,3970,3,5,5,355,"Loyal Customers",35730,"Very High"
16736,141.411111111111,5,2956.56,1,4,5,145,"At Risk",14782.8,"High"
16737,213.422222222222,1,417.6,0,2,2,22,"Others",417.6,"Low"
16739,172.432638888889,1,463.43,1,2,2,122,"Others",463.43,"Low"
16740,31.26875,1,226.91,3,2,1,321,"Others",226.91,"Low"
16741,261.198611111111,1,173.06,0,2,1,21,"Others",173.06,"Low"
16742,128.38125,13,2334.97,1,5,5,155,"At Risk",30354.61,"High"
16743,92.3104166666667,7,1999.02,1,5,4,154,"At Risk",13993.14,"High"
16746,19.3909722222222,24,11366.64,3,5,5,355,"Loyal Customers",272799.36,"Very High"
16748,24.0791666666667,9,2121.43,3,5,4,354,"Loyal Customers",19092.87,"High"
16749,227.288194444444,2,4157.88,0,3,5,35,"At Risk",8315.76,"High"
16752,8.32152777777778,1,207.5,4,2,1,421,"Potential Loyalists",207.5,"Low"
16754,8.09930555555556,29,65500.07,4,5,5,455,"Champions",1899502.03,"Very High"
16755,103.177777777778,4,1389.25,1,4,4,144,"At Risk",5557,"High"
16756,40.4152777777778,6,1072.97,2,5,4,254,"At Risk",6437.82,"High"
16757,45.2027777777778,1,163.65,2,2,1,221,"Others",163.65,"Low"
16760,66.1708333333333,1,228,2,2,1,221,"Others",228,"Low"
16763,374.190972222222,1,352.85,0,2,2,22,"Others",352.85,"Low"
16765,18.2631944444444,1,420.75,3,2,2,322,"Others",420.75,"Low"
16767,54.3854166666667,4,2481.2,2,4,5,245,"At Risk",9924.8,"High"
16768,19.3715277777778,6,1220.48,3,5,4,354,"Loyal Customers",7322.88,"High"
16769,114.220833333333,3,755.51,1,4,3,143,"At Risk",2266.53,"Medium"
16770,8.175,5,1152.63,4,4,4,444,"Champions",5763.15,"High"
16771,93.3020833333333,5,1706.99,1,4,4,144,"At Risk",8534.95,"High"
16772,59.2791666666667,3,3698.05,2,4,5,245,"At Risk",11094.15,"High"
16773,72.1763888888889,2,249.65,1,3,1,131,"At Risk",499.3,"Low"
16774,59.2215277777778,4,905.96,2,4,3,243,"At Risk",3623.84,"Medium"
16775,3.19861111111111,6,1361.23,4,5,4,454,"Champions",8167.38,"High"
16776,51.325,1,220.97,2,2,1,221,"Others",220.97,"Low"
16777,49.4548611111111,3,1069.56,2,4,4,244,"At Risk",3208.68,"Medium"
16779,2.42013888888889,32,22554.22,4,5,5,455,"Champions",721735.04,"Very High"
16780,43.0138888888889,1,174.16,2,2,1,221,"Others",174.16,"Low"
16781,8.23263888888889,2,623,4,3,3,433,"Loyal Customers",1246,"Medium"
16782,1.35625,26,7732.37,4,5,5,455,"Champions",201041.62,"Very High"
16783,72.3388888888889,1,391.95,1,2,2,122,"Others",391.95,"Low"
16784,12.3361111111111,4,784.73,4,4,3,443,"Loyal Customers",3138.92,"Medium"
16785,45.3923611111111,1,533.78,2,2,3,223,"Others",533.78,"Low"
16786,29.4833333333333,1,51.84,3,2,1,321,"Others",51.84,"Low"
16787,33.375,4,1017.53,3,4,4,344,"Loyal Customers",4070.12,"Medium"
16788,40.2680555555556,3,1334.54,2,4,4,244,"At Risk",4003.62,"Medium"
16791,19.3194444444444,8,2251.85,3,5,5,355,"Loyal Customers",18014.8,"High"
16792,19.3263888888889,3,513.08,3,4,3,343,"Loyal Customers",1539.24,"Medium"
16794,16.3027777777778,5,856.2,3,4,3,343,"Loyal Customers",4281,"Medium"
16795,1.24513888888889,3,2062.41,4,4,4,444,"Champions",6187.23,"High"
16797,29.0326388888889,5,1802.02,3,4,4,344,"Loyal Customers",9010.1,"High"
16798,190.041666666667,3,841.16,0,4,3,43,"At Risk",2523.48,"Medium"
16799,68.23125,2,452.78,2,3,2,232,"At Risk",905.56,"Low"
16802,315.261805555556,2,582.61,0,3,3,33,"At Risk",1165.22,"Medium"
16805,213.206944444444,3,630.75,0,4,3,43,"At Risk",1892.25,"Medium"
16807,106.230555555556,3,1002.29,1,4,4,144,"At Risk",3006.87,"Medium"
16809,68.1708333333333,4,812.74,2,4,3,243,"At Risk",3250.96,"Medium"
16810,56.1868055555556,1,532.5,2,2,3,223,"Others",532.5,"Low"
16812,14.4006944444444,3,1912.65,4,4,4,444,"Champions",5737.95,"High"
16814,5.34444444444444,16,5781.44,4,5,5,455,"Champions",92503.04,"Very High"
16815,89.3763888888889,2,406.02,1,3,2,132,"At Risk",812.04,"Low"
16817,4.2375,5,1200.15,4,4,4,444,"Champions",6000.75,"High"
16819,101.1,2,182.59,1,3,1,131,"At Risk",365.18,"Low"
16821,17.4145833333333,1,113.35,3,2,1,321,"Others",113.35,"Low"
16822,322.235416666667,1,181.39,0,2,1,21,"Others",181.39,"Low"
16823,23.1354166666667,6,1884.71,3,5,4,354,"Loyal Customers",11308.26,"High"
16824,29.3194444444444,1,225.6,3,2,1,321,"Others",225.6,"Low"
16825,14.1520833333333,3,1051.71,4,4,4,444,"Champions",3155.13,"Medium"
16827,29.2479166666667,5,392.13,3,4,2,342,"Loyal Customers",1960.65,"Medium"
16829,24.0763888888889,1,316.1,3,2,2,322,"Others",316.1,"Low"
16830,78.3083333333333,3,881.59,1,4,3,143,"At Risk",2644.77,"Medium"
16831,200.453472222222,1,91.8,0,2,1,21,"Others",91.8,"Low"
16832,64.4763888888889,2,218.46,2,3,1,231,"At Risk",436.92,"Low"
16833,75.3597222222222,2,1302.51,1,3,4,134,"At Risk",2605.02,"Medium"
16834,310.234027777778,1,485.5,0,2,2,22,"Others",485.5,"Low"
16835,9.11527777777778,5,1357.56,4,4,4,444,"Champions",6787.8,"High"
16836,42.3006944444444,2,530.5,2,3,3,233,"At Risk",1061,"Medium"
16838,166.216666666667,2,570.76,1,3,3,133,"At Risk",1141.52,"Medium"
16839,5.36527777777778,11,5716.14,4,5,5,455,"Champions",62877.54,"Very High"
16840,239.175694444444,2,139.85,0,3,1,31,"At Risk",279.7,"Low"
16841,64.1777777777778,6,2136.24,2,5,4,254,"At Risk",12817.44,"High"
16843,58.3958333333333,19,9374.86,2,5,5,255,"At Risk",178122.34,"Very High"
16844,198.397222222222,2,614.34,0,3,3,33,"At Risk",1228.68,"Medium"
16845,254.286111111111,1,253.88,0,2,2,22,"Others",253.88,"Low"
16846,213.261111111111,2,628.09,0,3,3,33,"At Risk",1256.18,"Medium"
16847,254.270138888889,1,421.45,0,2,2,22,"Others",421.45,"Low"
16848,12.3076388888889,3,1130.2,4,4,4,444,"Champions",3390.6,"Medium"
16854,53.1458333333333,2,1408.96,2,3,4,234,"At Risk",2817.92,"Medium"
16856,53.3381944444444,2,323.09,2,3,2,232,"At Risk",646.18,"Low"
16857,78.3833333333333,1,352.8,1,2,2,122,"Others",352.8,"Low"
16858,4.42291666666667,10,4292.59,4,5,5,455,"Champions",42925.9,"Very High"
16859,52.4541666666667,5,1184.6,2,4,4,244,"At Risk",5923,"High"
16860,88.4138888888889,3,1610.62,1,4,4,144,"At Risk",4831.86,"Medium"
16861,26.2548611111111,3,772.83,3,4,3,343,"Loyal Customers",2318.49,"Medium"
16862,183.288888888889,4,662.33,0,4,3,43,"At Risk",2649.32,"Medium"
16863,2.46041666666667,2,495.72,4,3,2,432,"Loyal Customers",991.44,"Medium"
16864,70.15625,2,409.25,2,3,2,232,"At Risk",818.5,"Low"
16865,37.3520833333333,1,130.95,2,2,1,221,"Others",130.95,"Low"
16867,325.451388888889,1,76.74,0,2,1,21,"Others",76.74,"Low"
16868,30.2805555555556,3,384.56,3,4,2,342,"Loyal Customers",1153.68,"Medium"
16870,105.255555555556,1,450.16,1,2,2,122,"Others",450.16,"Low"
16872,63.1951388888889,3,533.11,2,4,3,243,"At Risk",1599.33,"Medium"
16873,65.1854166666667,6,7493.77,2,5,5,255,"At Risk",44962.62,"Very High"
16874,15.2868055555556,1,209.89,3,2,1,321,"Others",209.89,"Low"
16875,73.1180555555556,6,2139,1,5,4,154,"At Risk",12834,"High"
16876,39.3347222222222,1,136.01,2,2,1,221,"Others",136.01,"Low"
16880,129.254861111111,1,321.78,1,2,2,122,"Others",321.78,"Low"
16883,7.39444444444444,18,2101.61,4,5,4,454,"Champions",37828.98,"Very High"
16884,192.302777777778,2,641.13,0,3,3,33,"At Risk",1282.26,"Medium"
16885,21.2986111111111,1,234.19,3,2,1,321,"Others",234.19,"Low"
16886,92.2034722222222,1,134,1,2,1,121,"Others",134,"Low"
16887,36.3555555555556,2,465.84,2,3,2,232,"At Risk",931.68,"Low"
16888,36.3069444444444,3,434.2,2,4,2,242,"At Risk",1302.6,"Medium"
16889,33.3854166666667,3,947.98,3,4,3,343,"Loyal Customers",2843.94,"Medium"
16890,112.359722222222,3,285.41,1,4,2,142,"At Risk",856.23,"Low"
16891,7.35138888888889,7,1202.77,4,5,4,454,"Champions",8419.39,"High"
16892,190.197222222222,2,236.56,0,3,1,31,"At Risk",473.12,"Low"
16893,2.32986111111111,2,249.89,4,3,1,431,"Loyal Customers",499.78,"Low"
16894,138.179166666667,3,1306.96,1,4,4,144,"At Risk",3920.88,"Medium"
16895,74.3666666666667,4,900.63,1,4,3,143,"At Risk",3602.52,"Medium"
16896,191.18125,1,103.95,0,2,1,21,"Others",103.95,"Low"
16898,4.31805555555556,3,496.26,4,4,2,442,"Loyal Customers",1488.78,"Medium"
16899,14.35625,2,424.71,4,3,2,432,"Loyal Customers",849.42,"Low"
16901,365.146527777778,1,204.26,0,2,1,21,"Others",204.26,"Low"
16903,16.2125,2,678.55,3,3,3,333,"Loyal Customers",1357.1,"Medium"
16904,3.27152777777778,7,1360.31,4,5,4,454,"Champions",9522.17,"High"
16905,7.3875,11,1923.57,4,5,4,454,"Champions",21159.27,"High"
16906,64.2083333333333,3,851.33,2,4,3,243,"At Risk",2553.99,"Medium"
16907,1.13125,5,722.05,4,4,3,443,"Loyal Customers",3610.25,"Medium"
16908,358.268055555556,1,252.59,0,2,2,22,"Others",252.59,"Low"
16911,271.321527777778,2,255.25,0,3,2,32,"At Risk",510.5,"Low"
16912,57.2430555555556,4,1904.93,2,4,4,244,"At Risk",7619.72,"High"
16913,287.327777777778,2,310.47,0,3,2,32,"At Risk",620.94,"Low"
16915,22.4791666666667,5,921.5,3,4,3,343,"Loyal Customers",4607.5,"Medium"
16916,8.28263888888889,3,536.04,4,4,3,443,"Loyal Customers",1608.12,"Medium"
16917,268.192361111111,1,1460.36,0,2,4,24,"Others",1460.36,"Medium"
16918,58.1833333333333,10,2137.72,2,5,4,254,"At Risk",21377.2,"High"
16919,4.29791666666667,14,2515.76,4,5,5,455,"Champions",35220.64,"Very High"
16920,47.2458333333333,1,355.45,2,2,2,222,"Others",355.45,"Low"
16921,78.2451388888889,2,255.03,1,3,2,132,"At Risk",510.06,"Low"
16922,208.359027777778,1,611.08,0,2,3,23,"Others",611.08,"Low"
16923,11.2513888888889,13,6088.05,4,5,5,455,"Champions",79144.65,"Very High"
16925,176.206944444444,1,125.65,0,2,1,21,"Others",125.65,"Low"
16926,7.26319444444444,5,1169.61,4,4,4,444,"Champions",5848.05,"High"
16928,9.19444444444444,13,1199.08,4,5,4,454,"Champions",15588.04,"High"
16931,5.34791666666667,3,629.4,4,4,3,443,"Loyal Customers",1888.2,"Medium"
16932,59.2409722222222,2,262.32,2,3,2,232,"At Risk",524.64,"Low"
16933,25.2256944444444,7,2536.07,3,5,5,355,"Loyal Customers",17752.49,"High"
16934,19.3486111111111,4,1152.11,3,4,4,344,"Loyal Customers",4608.44,"Medium"
16935,17.4479166666667,3,530.86,3,4,3,343,"Loyal Customers",1592.58,"Medium"
16936,21.3381944444444,1,286.39,3,2,2,322,"Others",286.39,"Low"
16937,135.086805555556,1,196.25,1,2,1,121,"Others",196.25,"Low"
16938,17.2916666666667,5,4283.68,3,4,5,345,"Loyal Customers",21418.4,"High"
16939,124.317361111111,3,433.85,1,4,2,142,"At Risk",1301.55,"Medium"
16940,86.2972222222222,5,3377.78,1,4,5,145,"At Risk",16888.9,"High"
16941,247.366666666667,1,33,0,2,1,21,"Others",33,"Low"
16943,175.364583333333,2,482.76,1,3,2,132,"At Risk",965.52,"Medium"
16944,245.373611111111,1,101.36,0,2,1,21,"Others",101.36,"Low"
16945,29.3208333333333,14,4202.66,3,5,5,355,"Loyal Customers",58837.24,"Very High"
16946,19.2465277777778,5,1222.04,3,4,4,344,"Loyal Customers",6110.2,"High"
16947,98.31875,4,548.73,1,4,3,143,"At Risk",2194.92,"Medium"
16948,65.2868055555556,4,433.75,2,4,2,242,"At Risk",1735,"Medium"
16950,3.19513888888889,8,2535.21,4,5,5,455,"Champions",20281.68,"High"
16952,77.1847222222222,3,628.22,1,4,3,143,"At Risk",1884.66,"Medium"
16954,15.2111111111111,11,3996.8,4,5,5,455,"Champions",43964.8,"Very High"
16955,4.39097222222222,4,790.74,4,4,3,443,"Loyal Customers",3162.96,"Medium"
16958,71.2333333333333,1,778.49,1,2,3,123,"Others",778.49,"Low"
16960,26.3222222222222,5,1483.83,3,4,4,344,"Loyal Customers",7419.15,"High"
16961,24.1416666666667,2,560.39,3,3,3,333,"Loyal Customers",1120.78,"Medium"
16962,45.3506944444444,1,251.04,2,2,2,222,"Others",251.04,"Low"
16964,369.297222222222,2,207.85,0,3,1,31,"At Risk",415.7,"Low"
16970,262.257638888889,1,71.4,0,2,1,21,"Others",71.4,"Low"
16972,18.3763888888889,2,749,3,3,3,333,"Loyal Customers",1498,"Medium"
16973,22.2534722222222,1,127,3,2,1,321,"Others",127,"Low"
16974,158.404861111111,2,365.5,1,3,2,132,"At Risk",731,"Low"
16975,59.0888888888889,3,926.12,2,4,3,243,"At Risk",2778.36,"Medium"
16977,31.2805555555556,4,496,3,4,2,342,"Loyal Customers",1984,"Medium"
16978,302.144444444444,2,424.55,0,3,2,32,"At Risk",849.1,"Low"
16979,19.2763888888889,3,1007.74,3,4,4,344,"Loyal Customers",3023.22,"Medium"
16980,64.2472222222222,1,394.37,2,2,2,222,"Others",394.37,"Low"
16983,5.31041666666667,5,1748.15,4,4,4,444,"Champions",8740.75,"High"
16984,40.1493055555556,7,5891.01,2,5,5,255,"At Risk",41237.07,"Very High"
16985,12.3256944444444,13,5459.04,4,5,5,455,"Champions",70967.52,"Very High"
16986,81.2090277777778,9,3015.55,1,5,5,155,"At Risk",27139.95,"High"
16987,12.1923611111111,4,904.6,4,4,3,443,"Loyal Customers",3618.4,"Medium"
16988,15.44375,1,256.55,3,2,2,322,"Others",256.55,"Low"
16990,58.3465277777778,1,165,2,2,1,221,"Others",165,"Low"
16991,57.2451388888889,1,1041.21,2,2,4,224,"Others",1041.21,"Medium"
16992,23.1944444444444,8,3862.19,3,5,5,355,"Loyal Customers",30897.52,"Very High"
16993,99.3229166666667,2,1950.95,1,3,4,134,"At Risk",3901.9,"Medium"
16996,18.2277777777778,3,666.65,3,4,3,343,"Loyal Customers",1999.95,"Medium"
16998,80.2236111111111,1,107,1,2,1,121,"Others",107,"Low"
17000,32.2680555555556,2,406.3,3,3,2,332,"Loyal Customers",812.6,"Low"
17001,12.3166666666667,8,2651.23,4,5,5,455,"Champions",21209.84,"High"
17002,79.2569444444444,4,1077.82,1,4,4,144,"At Risk",4311.28,"Medium"
17003,38.2819444444444,4,828.21,2,4,3,243,"At Risk",3312.84,"Medium"
17004,28.2805555555556,2,1012.22,3,3,4,334,"Loyal Customers",2024.44,"Medium"
17005,106.377777777778,2,622.36,1,3,3,133,"At Risk",1244.72,"Medium"
17006,28.2625,4,853.49,3,4,3,343,"Loyal Customers",3413.96,"Medium"
17007,73.2569444444444,1,230.17,1,2,1,121,"Others",230.17,"Low"
17008,65.1958333333333,1,81.36,2,2,1,221,"Others",81.36,"Low"
17009,187.166666666667,1,242.06,0,2,1,21,"Others",242.06,"Low"
17011,283.257638888889,2,400.8,0,3,2,32,"At Risk",801.6,"Low"
17012,361.102083333333,1,360.61,0,2,2,22,"Others",360.61,"Low"
17016,212.311805555556,1,552.4,0,2,3,23,"Others",552.4,"Low"
17017,1.18472222222222,13,5416.35,4,5,5,455,"Champions",70412.55,"Very High"
17018,23.2347222222222,4,1367.6,3,4,4,344,"Loyal Customers",5470.4,"Medium"
17019,4.29583333333333,8,2703.03,4,5,5,455,"Champions",21624.24,"High"
17020,178.288194444444,2,935.62,0,3,3,33,"At Risk",1871.24,"Medium"
17021,78,6,1182.22,1,5,4,154,"At Risk",7093.32,"High"
17022,68.3986111111111,1,189,2,2,1,221,"Others",189,"Low"
17023,53.1833333333333,3,800.18,2,4,3,243,"At Risk",2400.54,"Medium"
17025,9.17708333333333,4,1152.87,4,4,4,444,"Champions",4611.48,"Medium"
17026,5.30138888888889,2,54.15,4,3,1,431,"Loyal Customers",108.3,"Low"
17027,82.2430555555556,3,433.07,1,4,2,142,"At Risk",1299.21,"Medium"
17028,217.186111111111,3,1593.83,0,4,4,44,"At Risk",4781.49,"Medium"
17029,18.3854166666667,5,1421.3,3,4,4,344,"Loyal Customers",7106.5,"High"
17031,14.1972222222222,4,2393.5,4,4,5,445,"Champions",9574,"High"
17032,183.322916666667,8,2984.32,0,5,5,55,"At Risk",23874.56,"High"
17033,33.2958333333333,1,302.65,3,2,2,322,"Others",302.65,"Low"
17034,45.2506944444444,2,530.9,2,3,3,233,"At Risk",1061.8,"Medium"
17035,227.243055555556,2,180.06,0,3,1,31,"At Risk",360.12,"Low"
17036,19.2326388888889,1,176.9,3,2,1,321,"Others",176.9,"Low"
17038,51.1645833333333,1,630.77,2,2,3,223,"Others",630.77,"Low"
17039,240.295138888889,1,1954.99,0,2,4,24,"Others",1954.99,"Medium"
17040,186.203472222222,1,13.52,0,2,1,21,"Others",13.52,"Low"
17041,33.2951388888889,3,583.71,3,4,3,343,"Loyal Customers",1751.13,"Medium"
17043,11.2048611111111,4,858.47,4,4,3,443,"Loyal Customers",3433.88,"Medium"
17044,10.3840277777778,11,11013.82,4,5,5,455,"Champions",121152.02,"Very High"
17045,12.2861111111111,2,488.24,4,3,2,432,"Loyal Customers",976.48,"Medium"
17046,80.2645833333333,4,1264.05,1,4,4,144,"At Risk",5056.2,"Medium"
17047,67.4493055555556,3,1188.33,2,4,4,244,"At Risk",3564.99,"Medium"
17048,73.1326388888889,4,1146.33,1,4,4,144,"At Risk",4585.32,"Medium"
17049,11.2923611111111,10,4287.5,4,5,5,455,"Champions",42875,"Very High"
17050,11.1118055555556,5,1462.95,4,4,4,444,"Champions",7314.75,"High"
17051,82.2027777777778,3,465.6,1,4,2,142,"At Risk",1396.8,"Medium"
17055,81.3194444444444,1,232.85,1,2,1,121,"Others",232.85,"Low"
17056,374.295833333333,1,128.6,0,2,1,21,"Others",128.6,"Low"
17057,232.027777777778,1,294.74,0,2,2,22,"Others",294.74,"Low"
17059,5.30972222222222,5,2506.54,4,4,5,445,"Champions",12532.7,"High"
17062,1.30833333333333,4,645.81,4,4,3,443,"Loyal Customers",2583.24,"Medium"
17063,43.1680555555556,6,2177.39,2,5,5,255,"At Risk",13064.34,"High"
17065,273.347222222222,2,194.7,0,3,1,31,"At Risk",389.4,"Low"
17066,362.275694444444,1,228.34,0,2,1,21,"Others",228.34,"Low"
17067,360.473611111111,3,454.54,0,4,2,42,"At Risk",1363.62,"Medium"
17068,4.25208333333333,27,4601.69,4,5,5,455,"Champions",124245.63,"Very High"
17069,9.13333333333333,6,3084.58,4,5,5,455,"Champions",18507.48,"High"
17070,46.1694444444444,1,133.18,2,2,1,221,"Others",133.18,"Low"
17071,17.3430555555556,4,1364.68,3,4,4,344,"Loyal Customers",5458.72,"Medium"
17072,261.144444444444,1,273.35,0,2,2,22,"Others",273.35,"Low"
17074,198.33125,1,203.05,0,2,1,21,"Others",203.05,"Low"
17075,65.2756944444444,6,1402.51,2,5,4,254,"At Risk",8415.06,"High"
17076,28.3819444444444,3,401.67,3,4,2,342,"Loyal Customers",1205.01,"Medium"
17077,214.142361111111,1,306,0,2,2,22,"Others",306,"Low"
17080,15.0875,5,669.91,4,4,3,443,"Loyal Customers",3349.55,"Medium"
17081,31.3034722222222,4,660.48,3,4,3,343,"Loyal Customers",2641.92,"Medium"
17082,30.4458333333333,4,2728.18,3,4,5,345,"Loyal Customers",10912.72,"High"
17083,45.4722222222222,6,2644.01,2,5,5,255,"At Risk",15864.06,"High"
17084,32.2368055555556,1,2253.22,3,2,5,325,"Others",2253.22,"Medium"
17085,12.3416666666667,23,6285.27,4,5,5,455,"Champions",144561.21,"Very High"
17087,373.388888888889,1,221.53,0,2,1,21,"Others",221.53,"Low"
17089,22.1861111111111,1,128.45,3,2,1,321,"Others",128.45,"Low"
17090,10.3833333333333,6,1105.53,4,5,4,454,"Champions",6633.18,"High"
17091,3.42083333333333,11,3961.44,4,5,5,455,"Champions",43575.84,"Very High"
17092,73.2319444444445,7,3737.38,1,5,5,155,"At Risk",26161.66,"High"
17093,228.402083333333,1,235.88,0,2,1,21,"Others",235.88,"Low"
17094,59.3840277777778,1,100.2,2,2,1,221,"Others",100.2,"Low"
17095,66.4277777777778,4,1248.09,2,4,4,244,"At Risk",4992.36,"Medium"
17096,19.2930555555556,7,2675.8,3,5,5,355,"Loyal Customers",18730.6,"High"
17097,1.2125,2,363.66,4,3,2,432,"Loyal Customers",727.32,"Low"
17098,17.325,3,591.07,3,4,3,343,"Loyal Customers",1773.21,"Medium"
17099,169.15,1,582.17,1,2,3,123,"Others",582.17,"Low"
17101,30.4069444444444,3,885.32,3,4,3,343,"Loyal Customers",2655.96,"Medium"
17103,358.245138888889,1,424.3,0,2,2,22,"Others",424.3,"Low"
17104,59.3194444444444,1,474.03,2,2,2,222,"Others",474.03,"Low"
17106,25.2430555555556,1,481.58,3,2,2,322,"Others",481.58,"Low"
17107,33.2576388888889,4,5255.24,3,4,5,345,"Loyal Customers",21020.96,"High"
17108,299.31875,1,174.95,0,2,1,21,"Others",174.95,"Low"
17109,42.1701388888889,2,410.42,2,3,2,232,"At Risk",820.84,"Low"
17110,156.319444444444,2,336.6,1,3,2,132,"At Risk",673.2,"Low"
17111,61.1944444444444,1,227.97,2,2,1,221,"Others",227.97,"Low"
17112,138.365972222222,1,197.57,1,2,1,121,"Others",197.57,"Low"
17113,210.251388888889,6,2305.59,0,5,5,55,"At Risk",13833.54,"High"
17115,184.36875,4,1923.99,0,4,4,44,"At Risk",7695.96,"High"
17116,284.147222222222,1,389.78,0,2,2,22,"Others",389.78,"Low"
17121,38.3430555555556,1,314.74,2,2,2,222,"Others",314.74,"Low"
17122,24.2243055555556,3,432.18,3,4,2,342,"Loyal Customers",1296.54,"Medium"
17123,75.3298611111111,2,631.87,1,3,3,133,"At Risk",1263.74,"Medium"
17126,17.3986111111111,4,1026.98,3,4,4,344,"Loyal Customers",4107.92,"Medium"
17127,64.4215277777778,5,1155.03,2,4,4,244,"At Risk",5775.15,"High"
17129,156.260416666667,1,31.85,1,2,1,121,"Others",31.85,"Low"
17132,88.1458333333333,2,1220.91,1,3,4,134,"At Risk",2441.82,"Medium"
17133,110.252083333333,5,9730.09,1,4,5,145,"At Risk",48650.45,"Very High"
17134,78.0618055555556,1,212.1,1,2,1,121,"Others",212.1,"Low"
17135,7.4375,4,798.03,4,4,3,443,"Loyal Customers",3192.12,"Medium"
17136,298.283333333333,1,231.68,0,2,1,21,"Others",231.68,"Low"
17137,52.2152777777778,6,1099.81,2,5,4,254,"At Risk",6598.86,"High"
17138,25.2819444444444,6,4036.77,3,5,5,355,"Loyal Customers",24220.62,"High"
17139,25.3208333333333,13,8915.99,3,5,5,355,"Loyal Customers",115907.87,"Very High"
17141,54.2131944444444,4,727.58,2,4,3,243,"At Risk",2910.32,"Medium"
17142,40.2145833333333,3,696.25,2,4,3,243,"At Risk",2088.75,"Medium"
17143,53.1902777777778,2,880.97,2,3,3,233,"At Risk",1761.94,"Medium"
17145,148.457638888889,4,3120.91,1,4,5,145,"At Risk",12483.64,"High"
17146,71.4006944444444,10,5102.86,1,5,5,155,"At Risk",51028.6,"Very High"
17147,88.3965277777778,5,1485.36,1,4,4,144,"At Risk",7426.8,"High"
17149,87.2118055555556,1,143.1,1,2,1,121,"Others",143.1,"Low"
17150,12.3569444444444,6,1357.95,4,5,4,454,"Champions",8147.7,"High"
17151,371.211805555556,1,231.9,0,2,1,21,"Others",231.9,"Low"
17152,61.30625,1,327,2,2,2,222,"Others",327,"Low"
17155,163.442361111111,5,640.76,1,4,3,143,"At Risk",3203.8,"Medium"
17156,127.354861111111,1,591.87,1,2,3,123,"Others",591.87,"Low"
17157,116.277083333333,17,4832.9,1,5,5,155,"At Risk",82159.3,"Very High"
17158,183.390972222222,2,713.03,0,3,3,33,"At Risk",1426.06,"Medium"
17159,113.342361111111,2,560.71,1,3,3,133,"At Risk",1121.42,"Medium"
17160,10.0958333333333,11,6691.13,4,5,5,455,"Champions",73602.43,"Very High"
17161,80.1368055555556,1,856.01,1,2,3,123,"Others",856.01,"Low"
17163,81.4118055555556,2,406.68,1,3,2,132,"At Risk",813.36,"Low"
17165,17.2680555555556,5,1635.64,3,4,4,344,"Loyal Customers",8178.2,"High"
17167,15.4138888888889,3,867.11,3,4,3,343,"Loyal Customers",2601.33,"Medium"
17168,134.311111111111,1,400.2,1,2,2,122,"Others",400.2,"Low"
17169,214.292361111111,1,320.95,0,2,2,22,"Others",320.95,"Low"
17170,10.1708333333333,2,178.68,4,3,1,431,"Loyal Customers",357.36,"Low"
17171,297.332638888889,1,159.68,0,2,1,21,"Others",159.68,"Low"
17172,66.3326388888889,2,638.81,2,3,3,233,"At Risk",1277.62,"Medium"
17176,162.326388888889,2,596.19,1,3,3,133,"At Risk",1192.38,"Medium"
17177,141.213888888889,1,119.5,1,2,1,121,"Others",119.5,"Low"
17178,367.153472222222,1,432.96,0,2,2,22,"Others",432.96,"Low"
17179,18.1729166666667,3,795.47,3,4,3,343,"Loyal Customers",2386.41,"Medium"
17180,58.1270833333333,7,1452.8,2,5,4,254,"At Risk",10169.6,"High"
17181,9.30763888888889,2,225.45,4,3,1,431,"Loyal Customers",450.9,"Low"
17182,58.4111111111111,2,321.3,2,3,2,232,"At Risk",642.6,"Low"
17184,205.234027777778,2,198.41,0,3,1,31,"At Risk",396.82,"Low"
17185,227.323611111111,3,229.46,0,4,1,41,"At Risk",688.38,"Low"
17187,162.224305555556,1,263.76,1,2,2,122,"Others",263.76,"Low"
17188,82.3305555555555,6,2118.7,1,5,4,154,"At Risk",12712.2,"High"
17189,196.993055555556,3,569.88,0,4,3,43,"At Risk",1709.64,"Medium"
17190,39.2354166666667,5,1281.83,2,4,4,244,"At Risk",6409.15,"High"
17191,4.21875,11,2726.77,4,5,5,455,"Champions",29994.47,"High"
17192,172.1625,1,75.28,1,2,1,121,"Others",75.28,"Low"
17193,22.1277777777778,2,610.74,3,3,3,333,"Loyal Customers",1221.48,"Medium"
17194,166.28125,1,549.88,1,2,3,123,"Others",549.88,"Low"
17195,291.288888888889,1,562.98,0,2,3,23,"Others",562.98,"Low"
17196,63.3541666666667,1,327.75,2,2,2,222,"Others",327.75,"Low"
17198,1.26875,2,521.66,4,3,3,433,"Loyal Customers",1043.32,"Medium"
17199,218.255555555556,1,135.04,0,2,1,21,"Others",135.04,"Low"
17200,23.2895833333333,4,356.71,3,4,2,342,"Loyal Customers",1426.84,"Medium"
17201,159.347916666667,3,853.32,1,4,3,143,"At Risk",2559.96,"Medium"
17202,56.3583333333333,1,160.65,2,2,1,221,"Others",160.65,"Low"
17203,24.2875,4,2004.01,3,4,4,344,"Loyal Customers",8016.04,"High"
17204,10.0854166666667,5,3940.13,4,4,5,445,"Champions",19700.65,"High"
17205,52.1597222222222,2,615.27,2,3,3,233,"At Risk",1230.54,"Medium"
17207,288.036805555556,1,292.62,0,2,2,22,"Others",292.62,"Low"
17208,31.2993055555556,1,111.15,3,2,1,321,"Others",111.15,"Low"
17209,285.166666666667,3,595.7,0,4,3,43,"At Risk",1787.1,"Medium"
17210,28.3236111111111,1,251.72,3,2,2,322,"Others",251.72,"Low"
17211,5.30347222222222,6,1729.43,4,5,4,454,"Champions",10376.58,"High"
17212,94.1770833333333,2,567.56,1,3,3,133,"At Risk",1135.12,"Medium"
17213,2.29027777777778,7,2401.07,4,5,5,455,"Champions",16807.49,"High"
17215,100.265277777778,1,186.15,1,2,1,121,"Others",186.15,"Low"
17216,190.290277777778,1,63.6,0,2,1,21,"Others",63.6,"Low"
17217,255.268055555556,1,96.6,0,2,1,21,"Others",96.6,"Low"
17218,4.19166666666667,9,2226.96,4,5,5,455,"Champions",20042.64,"High"
17219,52.3555555555556,1,144.9,2,2,1,221,"Others",144.9,"Low"
17220,53.3583333333333,7,1269.76,2,5,4,254,"At Risk",8888.32,"High"
17221,227.398611111111,3,642.14,0,4,3,43,"At Risk",1926.42,"Medium"
17222,113.259027777778,5,1250.86,1,4,4,144,"At Risk",6254.3,"High"
17223,4.24513888888889,2,433.99,4,3,2,432,"Loyal Customers",867.98,"Low"
17224,137.271527777778,1,100.86,1,2,1,121,"Others",100.86,"Low"
17225,217.349305555556,1,131.15,0,2,1,21,"Others",131.15,"Low"
17226,80.4104166666667,2,501.98,1,3,3,133,"At Risk",1003.96,"Medium"
17227,4.36458333333333,7,1081.86,4,5,4,454,"Champions",7573.02,"High"
17228,3.41319444444444,7,1269.89,4,5,4,454,"Champions",8889.23,"High"
17230,199.370833333333,10,5750.08,0,5,5,55,"At Risk",57500.8,"Very High"
17231,25.2069444444444,15,3940.08,3,5,5,355,"Loyal Customers",59101.2,"Very High"
17233,84.2784722222222,2,369.98,1,3,2,132,"At Risk",739.96,"Low"
17235,8.26597222222222,7,1354.82,4,5,4,454,"Champions",9483.74,"High"
17236,46.3458333333333,6,1013.13,2,5,4,254,"At Risk",6078.78,"High"
17237,11.3402777777778,2,679.44,4,3,3,433,"Loyal Customers",1358.88,"Medium"
17238,7.20208333333333,17,3982.66,4,5,5,455,"Champions",67705.22,"Very High"
17239,23.1895833333333,3,806.95,3,4,3,343,"Loyal Customers",2420.85,"Medium"
17240,232.178472222222,1,130.6,0,2,1,21,"Others",130.6,"Low"
17241,21.2916666666667,12,2736.64,3,5,5,355,"Loyal Customers",32839.68,"Very High"
17242,92.3868055555556,3,1754.24,1,4,4,144,"At Risk",5262.72,"Medium"
17243,5.41527777777778,44,11920.43,4,5,5,455,"Champions",524498.92,"Very High"
17244,19.2555555555556,4,871.14,3,4,3,343,"Loyal Customers",3484.56,"Medium"
17245,325.181944444444,1,200.18,0,2,1,21,"Others",200.18,"Low"
17246,182.309027777778,2,38.92,0,3,1,31,"At Risk",77.84,"Low"
17248,117.3375,1,181.89,1,2,1,121,"Others",181.89,"Low"
17249,64.3527777777778,1,68.03,2,2,1,221,"Others",68.03,"Low"
17251,18.3881944444444,2,529.15,3,3,3,333,"Loyal Customers",1058.3,"Medium"
17254,37.2506944444444,1,198.29,2,2,1,221,"Others",198.29,"Low"
17255,26.2118055555556,2,490.22,3,3,2,332,"Loyal Customers",980.44,"Medium"
17256,117.279166666667,3,258.93,1,4,2,142,"At Risk",776.79,"Low"
17257,72.2986111111111,2,189.78,1,3,1,131,"At Risk",379.56,"Low"
17258,32.3083333333333,2,417.3,3,3,2,332,"Loyal Customers",834.6,"Low"
17259,4.29583333333333,5,1239.11,4,4,4,444,"Champions",6195.55,"High"
17260,47.2777777777778,1,120.95,2,2,1,221,"Others",120.95,"Low"
17261,145.341666666667,1,221.59,1,2,1,121,"Others",221.59,"Low"
17262,2.27152777777778,7,1504.26,4,5,4,454,"Champions",10529.82,"High"
17264,60.2979166666667,1,268.28,2,2,2,222,"Others",268.28,"Low"
17266,135.140277777778,2,205.14,1,3,1,131,"At Risk",410.28,"Low"
17268,81.3104166666667,7,970.25,1,5,3,153,"At Risk",6791.75,"High"
17269,21.3673611111111,1,491.81,3,2,2,322,"Others",491.81,"Low"
17270,105.244444444444,2,601.45,1,3,3,133,"At Risk",1202.9,"Medium"
17271,372.258333333333,1,204.3,0,2,1,21,"Others",204.3,"Low"
17273,60.1694444444444,1,141.12,2,2,1,221,"Others",141.12,"Low"
17274,31.3298611111111,1,465.4,3,2,2,322,"Others",465.4,"Low"
17275,19.2743055555556,1,114.1,3,2,1,321,"Others",114.1,"Low"
17276,38.1534722222222,1,502.49,2,2,3,223,"Others",502.49,"Low"
17278,201.258333333333,1,25.2,0,2,1,21,"Others",25.2,"Low"
17280,74.1354166666667,1,118.86,1,2,1,121,"Others",118.86,"Low"
17281,10.0805555555556,6,797.85,4,5,3,453,"Loyal Customers",4787.1,"Medium"
17282,92.0263888888889,2,623.08,1,3,3,133,"At Risk",1246.16,"Medium"
17283,14.3388888888889,1,188.46,4,2,1,421,"Potential Loyalists",188.46,"Low"
17284,25.1159722222222,2,1140.58,3,3,4,334,"Loyal Customers",2281.16,"Medium"
17285,264.265972222222,2,407.94,0,3,2,32,"At Risk",815.88,"Low"
17286,36.25625,2,237.81,2,3,1,231,"At Risk",475.62,"Low"
17287,3.30416666666667,16,3000.5,4,5,5,455,"Champions",48008,"Very High"
17288,26.2631944444444,4,1050.8,3,4,4,344,"Loyal Customers",4203.2,"Medium"
17289,12.2645833333333,6,1110.78,4,5,4,454,"Champions",6664.68,"High"
17290,17.3666666666667,6,974.95,3,5,3,353,"Loyal Customers",5849.7,"High"
17292,108.115972222222,2,271.75,1,3,2,132,"At Risk",543.5,"Low"
17293,30.1458333333333,8,1896.57,3,5,4,354,"Loyal Customers",15172.56,"High"
17294,305.159027777778,2,467.79,0,3,2,32,"At Risk",935.58,"Low"
17296,366.25,1,338.13,0,2,2,22,"Others",338.13,"Low"
17298,10.0875,3,455.84,4,4,2,442,"Loyal Customers",1367.52,"Medium"
17299,75.2645833333333,2,336.62,1,3,2,132,"At Risk",673.24,"Low"
17300,26.3784722222222,2,393.64,3,3,2,332,"Loyal Customers",787.28,"Low"
17301,260.28125,1,131.15,0,2,1,21,"Others",131.15,"Low"
17304,170.151388888889,1,111.5,1,2,1,121,"Others",111.5,"Low"
17305,284.301388888889,1,2135.46,0,2,4,24,"Others",2135.46,"Medium"
17306,29.3034722222222,2,1151.04,3,3,4,334,"Loyal Customers",2302.08,"Medium"
17307,31.2645833333333,11,3999.89,3,5,5,355,"Loyal Customers",43998.79,"Very High"
17308,29.2791666666667,2,4511.76,3,3,5,335,"Loyal Customers",9023.52,"High"
17309,17.2597222222222,2,237.64,3,3,1,331,"Loyal Customers",475.28,"Low"
17310,23.1673611111111,2,1025.1,3,3,4,334,"Loyal Customers",2050.2,"Medium"
17311,28.3076388888889,4,2181.71,3,4,5,345,"Loyal Customers",8726.84,"High"
17314,29.25625,9,2376.51,3,5,5,355,"Loyal Customers",21388.59,"High"
17315,11.1840277777778,5,3318.35,4,4,5,445,"Champions",16591.75,"High"
17316,56.2263888888889,1,124.45,2,2,1,221,"Others",124.45,"Low"
17318,361.284722222222,1,157.33,0,2,1,21,"Others",157.33,"Low"
17319,305.176388888889,1,29.1,0,2,1,21,"Others",29.1,"Low"
17320,4.18263888888889,4,1695.15,4,4,4,444,"Champions",6780.6,"High"
17321,30.2951388888889,4,1008.05,3,4,4,344,"Loyal Customers",4032.2,"Medium"
17322,12.2222222222222,5,922.59,4,4,3,443,"Loyal Customers",4612.95,"Medium"
17323,43.0013888888889,5,644.52,2,4,3,243,"At Risk",3222.6,"Medium"
17324,2.30277777777778,9,1311.64,4,5,4,454,"Champions",11804.76,"High"
17325,46.4451388888889,2,512.77,2,3,3,233,"At Risk",1025.54,"Medium"
17326,44.1826388888889,2,312.35,2,3,2,232,"At Risk",624.7,"Low"
17327,45.4215277777778,2,152.35,2,3,1,231,"At Risk",304.7,"Low"
17328,309.118055555556,1,104.7,0,2,1,21,"Others",104.7,"Low"
17329,367.127777777778,3,475.42,0,4,2,42,"At Risk",1426.26,"Medium"
17330,180.310416666667,2,59.9,0,3,1,31,"At Risk",119.8,"Low"
17332,164.160416666667,5,838.27,1,4,3,143,"At Risk",4191.35,"Medium"
17334,42.3229166666667,1,328.13,2,2,2,222,"Others",328.13,"Low"
17335,19.4055555555556,2,497.04,3,3,2,332,"Loyal Customers",994.08,"Medium"
17336,108.183333333333,1,81.12,1,2,1,121,"Others",81.12,"Low"
17338,11.1583333333333,9,5395.79,4,5,5,455,"Champions",48562.11,"Very High"
17339,1.22013888888889,2,119,4,3,1,431,"Loyal Customers",238,"Low"
17340,2.17013888888889,8,9935.93,4,5,5,455,"Champions",79487.44,"Very High"
17341,2.30208333333333,3,1006.53,4,4,4,444,"Champions",3019.59,"Medium"
17342,15.3708333333333,4,1227.54,3,4,4,344,"Loyal Customers",4910.16,"Medium"
17343,12.3944444444444,5,1066.3,4,4,4,444,"Champions",5331.5,"Medium"
17344,364.3125,1,299.74,0,2,2,22,"Others",299.74,"Low"
17345,11.3381944444444,6,1066.94,4,5,4,454,"Champions",6401.64,"High"
17346,9.22708333333333,12,2509.84,4,5,5,455,"Champions",30118.08,"High"
17348,73.3833333333333,4,1285.69,1,4,4,144,"At Risk",5142.76,"Medium"
17349,16.2027777777778,4,674.16,3,4,3,343,"Loyal Customers",2696.64,"Medium"
17350,30.1569444444444,3,612.381,3,4,3,343,"Loyal Customers",1837.143,"Medium"
17351,63.18125,9,1401.08,2,5,4,254,"At Risk",12609.72,"High"
17352,332.158333333333,1,36.25,0,2,1,21,"Others",36.25,"Low"
17353,127.463194444444,2,1502,1,3,4,134,"At Risk",3004,"Medium"
17354,64.2631944444445,3,1740.9,2,4,4,244,"At Risk",5222.7,"Medium"
17355,22.2798611111111,1,273.31,3,2,2,322,"Others",273.31,"Low"
17356,190.4,4,768.25,0,4,3,43,"At Risk",3073,"Medium"
17358,12.2777777777778,3,500.2,4,4,3,443,"Loyal Customers",1500.6,"Medium"
17359,284.217361111111,1,156.6,0,2,1,21,"Others",156.6,"Low"
17360,21.3340277777778,3,632.27,3,4,3,343,"Loyal Customers",1896.81,"Medium"
17361,312.227777777778,2,383.59,0,3,2,32,"At Risk",767.18,"Low"
17362,36.3069444444444,5,711.81,2,4,3,243,"At Risk",3559.05,"Medium"
17363,31.1180555555556,3,920.46,3,4,3,343,"Loyal Customers",2761.38,"Medium"
17364,12.1763888888889,17,7510.24,4,5,5,455,"Champions",127674.08,"Very High"
17365,22.4041666666667,7,3417.13,3,5,5,355,"Loyal Customers",23919.91,"High"
17366,68.1645833333333,2,1077.24,2,3,4,234,"At Risk",2154.48,"Medium"
17368,11.1756944444444,6,879.42,4,5,3,453,"Loyal Customers",5276.52,"Medium"
17369,91.425,1,979.2,1,2,3,123,"Others",979.2,"Medium"
17371,259.25,3,236.97,0,4,1,41,"At Risk",710.91,"Low"
17372,17.3673611111111,20,3010.13,3,5,5,355,"Loyal Customers",60202.6,"Very High"
17373,54.2680555555556,3,520.58,2,4,3,243,"At Risk",1561.74,"Medium"
17374,31.1159722222222,1,231.34,3,2,1,321,"Others",231.34,"Low"
17375,67.4493055555556,1,260.45,2,2,2,222,"Others",260.45,"Low"
17376,40.3881944444444,2,250.44,2,3,1,231,"At Risk",500.88,"Low"
17377,1.38819444444444,60,14174.25,4,5,5,455,"Champions",850455,"Very High"
17378,10.0520833333333,1,10.95,4,2,1,421,"Potential Loyalists",10.95,"Low"
17380,70.1381944444445,3,645,2,4,3,243,"At Risk",1935,"Medium"
17381,4.42777777777778,12,19726.76,4,5,5,455,"Champions",236721.12,"Very High"
17382,71.3805555555556,7,836.88,1,5,3,153,"At Risk",5858.16,"High"
17383,89.2131944444444,1,110.7,1,2,1,121,"Others",110.7,"Low"
17384,103.166666666667,1,171.15,1,2,1,121,"Others",171.15,"Low"
17386,21.2645833333333,1,126.35,3,2,1,321,"Others",126.35,"Low"
17388,56.3902777777778,7,1415.81,2,5,4,254,"At Risk",9910.67,"High"
17389,10.3194444444444,27,25381.65,4,5,5,455,"Champions",685304.55,"Very High"
17390,56.3555555555556,1,149.3,2,2,1,221,"Others",149.3,"Low"
17392,86.1555555555556,1,168.65,1,2,1,121,"Others",168.65,"Low"
17393,46.36875,2,381.15,2,3,2,232,"At Risk",762.3,"Low"
17395,144.185416666667,1,97.5,1,2,1,121,"Others",97.5,"Low"
17396,7.42777777777778,7,1476.3,4,5,4,454,"Champions",10334.1,"High"
17397,52.2784722222222,1,516.87,2,2,3,223,"Others",516.87,"Low"
17400,217.091666666667,3,2525.44,0,4,5,45,"At Risk",7576.32,"High"
17401,177.129861111111,1,114.85,0,2,1,21,"Others",114.85,"Low"
17402,5.20486111111111,12,2461.68,4,5,5,455,"Champions",29540.16,"High"
17403,86.3138888888889,1,118.95,1,2,1,121,"Others",118.95,"Low"
17404,45.1756944444444,8,15874.3,2,5,5,255,"At Risk",126994.4,"Very High"
17406,2.39305555555556,11,2704.63,4,5,5,455,"Champions",29750.93,"High"
17407,47.3361111111111,1,552.9,2,2,3,223,"Others",552.9,"Low"
17408,136.280555555556,2,283.44,1,3,2,132,"At Risk",566.88,"Low"
17409,57.4104166666667,8,7021.66,2,5,5,255,"At Risk",56173.28,"Very High"
17411,22.3375,2,646.44,3,3,3,333,"Loyal Customers",1292.88,"Medium"
17412,8.14722222222222,10,3159.46,4,5,5,455,"Champions",31594.6,"Very High"
17413,40.3111111111111,2,560.14,2,3,3,233,"At Risk",1120.28,"Medium"
17414,59.1305555555556,4,1471.52,2,4,4,244,"At Risk",5886.08,"High"
17416,29.3013888888889,15,10405.03,3,5,5,355,"Loyal Customers",156075.45,"Very High"
17417,184.417361111111,1,164.18,0,2,1,21,"Others",164.18,"Low"
17418,23.2631944444444,1,206.6,3,2,1,321,"Others",206.6,"Low"
17419,3.20625,8,2273.95,4,5,5,455,"Champions",18191.6,"High"
17420,9.42013888888889,4,485.6,4,4,2,442,"Loyal Customers",1942.4,"Medium"
17421,22.1277777777778,3,1059.41,3,4,4,344,"Loyal Customers",3178.23,"Medium"
17422,17.4006944444444,5,1615.39,3,4,4,344,"Loyal Customers",8076.95,"High"
17423,29.3159722222222,1,420.54,3,2,2,322,"Others",420.54,"Low"
17426,88.3097222222222,7,3040.51,1,5,5,155,"At Risk",21283.57,"High"
17428,4.43333333333333,18,14562.91,4,5,5,455,"Champions",262132.38,"Very High"
17429,32.2729166666667,2,832.54,3,3,3,333,"Loyal Customers",1665.08,"Medium"
17430,1.28888888888889,3,469.41,4,4,2,442,"Loyal Customers",1408.23,"Medium"
17432,21.125,7,1363.23,3,5,4,354,"Loyal Customers",9542.61,"High"
17433,21.2666666666667,1,266.8,3,2,2,322,"Others",266.8,"Low"
17435,47.2541666666667,1,331.35,2,2,2,222,"Others",331.35,"Low"
17436,44.2625,3,317.76,2,4,2,242,"At Risk",953.28,"Low"
17437,165.368055555556,1,369.68,1,2,2,122,"Others",369.68,"Low"
17438,80.2423611111111,4,1034.32,1,4,4,144,"At Risk",4137.28,"Medium"
17439,291.300694444444,1,325.74,0,2,2,22,"Others",325.74,"Low"
17440,185.222916666667,1,137.16,0,2,1,21,"Others",137.16,"Low"
17441,368.270138888889,1,293.35,0,2,2,22,"Others",293.35,"Low"
17442,17.21875,9,2371.74,3,5,5,355,"Loyal Customers",21345.66,"High"
17448,133.245833333333,46,14523.67,1,5,5,155,"At Risk",668088.82,"Very High"
17449,23.2576388888889,6,2348.94,3,5,5,355,"Loyal Customers",14093.64,"High"
17450,3.42916666666667,7,52422.3,4,5,5,455,"Champions",366956.1,"Very High"
17454,98.3875,6,1030.41,1,5,4,154,"At Risk",6182.46,"High"
17456,1.19305555555556,2,975.56,4,3,3,433,"Loyal Customers",1951.12,"Medium"
17457,15.2888888888889,9,4247.11,3,5,5,355,"Loyal Customers",38223.99,"Very High"
17458,17.3458333333333,1,213.08,3,2,1,321,"Others",213.08,"Low"
17460,8.19930555555556,12,1605.84,4,5,4,454,"Champions",19270.08,"High"
17463,196.414583333333,2,659.4,0,3,3,33,"At Risk",1318.8,"Medium"
17464,158.275694444444,2,617.18,1,3,3,133,"At Risk",1234.36,"Medium"
17465,61.3368055555556,7,2542.79,2,5,5,255,"At Risk",17799.53,"High"
17467,31.29375,1,102.6,3,2,1,321,"Others",102.6,"Low"
17468,11.1083333333333,1,57.8,4,2,1,421,"Potential Loyalists",57.8,"Low"
17469,36.0993055555556,12,3180.28,3,5,5,355,"Loyal Customers",38163.36,"Very High"
17470,3.41944444444444,7,1679.8,4,5,4,454,"Champions",11758.6,"High"
17471,110.338888888889,1,321.65,1,2,2,122,"Others",321.65,"Low"
17472,264.273611111111,1,224.81,0,2,1,21,"Others",224.81,"Low"
17473,44.3444444444444,2,607,2,3,3,233,"At Risk",1214,"Medium"
17474,235.3875,1,1047,0,2,4,24,"Others",1047,"Medium"
17476,31.4027777777778,2,489.86,3,3,2,332,"Loyal Customers",979.72,"Medium"
17477,248.413194444444,2,1144.3,0,3,4,34,"At Risk",2288.6,"Medium"
17478,44.2083333333333,2,1272.8,2,3,4,234,"At Risk",2545.6,"Medium"
17479,268.440972222222,1,389.26,0,2,2,22,"Others",389.26,"Low"
17480,80.3125,1,370.41,1,2,2,122,"Others",370.41,"Low"
17482,123.186111111111,2,775.64,1,3,3,133,"At Risk",1551.28,"Medium"
17483,50.3041666666667,1,177.69,2,2,1,221,"Others",177.69,"Low"
17484,212.180555555556,2,209.57,0,3,1,31,"At Risk",419.14,"Low"
17487,364.204861111111,1,160.55,0,2,1,21,"Others",160.55,"Low"
17488,277.245833333333,1,336.5,0,2,2,22,"Others",336.5,"Low"
17490,24.0513888888889,2,658.18,3,3,3,333,"Loyal Customers",1316.36,"Medium"
17491,3.32152777777778,8,2422.2,4,5,5,455,"Champions",19377.6,"High"
17492,114.202083333333,2,747.85,1,3,3,133,"At Risk",1495.7,"Medium"
17493,21.1277777777778,1,100.91,3,2,1,321,"Others",100.91,"Low"
17494,137.413194444444,1,54.7,1,2,1,121,"Others",54.7,"Low"
17495,26.3409722222222,1,309.16,3,2,2,322,"Others",309.16,"Low"
17496,199.4,3,1141.84,0,4,4,44,"At Risk",3425.52,"Medium"
17497,26.2388888888889,2,287.25,3,3,2,332,"Loyal Customers",574.5,"Low"
17499,197.418055555556,1,718.51,0,2,3,23,"Others",718.51,"Low"
17504,16.425,9,6493.14,3,5,5,355,"Loyal Customers",58438.26,"Very High"
17505,186.327083333333,3,1289.64,0,4,4,44,"At Risk",3868.92,"Medium"
17508,17.31875,7,4191.92,3,5,5,355,"Loyal Customers",29343.44,"High"
17510,56.4034722222222,1,206.08,2,2,1,221,"Others",206.08,"Low"
17511,3.42361111111111,31,84541.17,4,5,5,455,"Champions",2620776.27,"Very High"
17512,88.3854166666667,8,2542.83,1,5,5,155,"At Risk",20342.64,"High"
17513,44.3666666666667,2,645.6,2,3,3,233,"At Risk",1291.2,"Medium"
17514,305.250694444444,1,313.35,0,2,2,22,"Others",313.35,"Low"
17515,30.2597222222222,5,963.49,3,4,3,343,"Loyal Customers",4817.45,"Medium"
17516,14.2993055555556,1,182.62,4,2,1,421,"Potential Loyalists",182.62,"Low"
17518,61.30625,2,329.42,2,3,2,232,"At Risk",658.84,"Low"
17519,4.19652777777778,10,3265.45,4,5,5,455,"Champions",32654.5,"Very High"
17521,30.15,2,554.85,3,3,3,333,"Loyal Customers",1109.7,"Medium"
17524,74.1472222222222,2,394.14,1,3,2,132,"At Risk",788.28,"Low"
17525,33.3381944444444,2,739.2,3,3,3,333,"Loyal Customers",1478.4,"Medium"
17526,1.32013888888889,9,2970.14,4,5,5,455,"Champions",26731.26,"High"
17529,246.090277777778,2,1240.25,0,3,4,34,"At Risk",2480.5,"Medium"
17530,1,3,725.21,4,4,3,443,"Loyal Customers",2175.63,"Medium"
17531,163.322222222222,2,970.12,1,3,3,133,"At Risk",1940.24,"Medium"
17532,21.4916666666667,1,65.34,3,2,1,321,"Others",65.34,"Low"
17533,70.4493055555556,1,34.8,2,2,1,221,"Others",34.8,"Low"
17534,87.2701388888889,4,1445.47,1,4,4,144,"At Risk",5781.88,"High"
17536,56.3277777777778,2,288.33,2,3,2,232,"At Risk",576.66,"Low"
17539,253.329166666667,4,1176.84,0,4,4,44,"At Risk",4707.36,"Medium"
17540,19.35,4,1011.7,3,4,4,344,"Loyal Customers",4046.8,"Medium"
17541,145.350694444444,1,119.86,1,2,1,121,"Others",119.86,"Low"
17542,277.322222222222,2,170.1,0,3,1,31,"At Risk",340.2,"Low"
17543,185.305555555556,1,120.05,0,2,1,21,"Others",120.05,"Low"
17544,26.2034722222222,3,944.82,3,4,3,343,"Loyal Customers",2834.46,"Medium"
17545,26.1881944444444,3,767.54,3,4,3,343,"Loyal Customers",2302.62,"Medium"
17547,11.4305555555556,2,727.85,4,3,3,433,"Loyal Customers",1455.7,"Medium"
17548,14.1958333333333,3,627.96,4,4,3,443,"Loyal Customers",1883.88,"Medium"
17550,33.2152777777778,6,2239.48,3,5,5,355,"Loyal Customers",13436.88,"High"
17552,8.05208333333333,10,2154.88,4,5,5,455,"Champions",21548.8,"High"
17553,108.425,3,2270,1,4,5,145,"At Risk",6810,"High"
17555,61.3277777777778,3,565.43,2,4,3,243,"At Risk",1696.29,"Medium"
17556,15.1256944444444,1,142.77,4,2,1,421,"Potential Loyalists",142.77,"Low"
17557,368.406944444444,1,34,0,2,1,21,"Others",34,"Low"
17558,29.2256944444444,1,259.17,3,2,2,322,"Others",259.17,"Low"
17559,148.332638888889,1,167.62,1,2,1,121,"Others",167.62,"Low"
17560,31.2166666666667,4,1040.85,3,4,4,344,"Loyal Customers",4163.4,"Medium"
17561,26.3090277777778,3,537.9,3,4,3,343,"Loyal Customers",1613.7,"Medium"
17563,214.213194444444,2,392.38,0,3,2,32,"At Risk",784.76,"Low"
17565,222.338194444444,1,131.83,0,2,1,21,"Others",131.83,"Low"
17567,8.19652777777778,2,1024.55,4,3,4,434,"Loyal Customers",2049.1,"Medium"
17568,269.136111111111,1,374.45,0,2,2,22,"Others",374.45,"Low"
17570,17.3368055555556,1,100,3,2,1,321,"Others",100,"Low"
17571,178.299305555556,1,205.24,0,2,1,21,"Others",205.24,"Low"
17572,9.29861111111111,7,496.26,4,5,2,452,"Loyal Customers",3473.82,"Medium"
17575,303.259027777778,1,171.7,0,2,1,21,"Others",171.7,"Low"
17576,1.12777777777778,23,5266.77,4,5,5,455,"Champions",121135.71,"Very High"
17577,281.291666666667,2,348.75,0,3,2,32,"At Risk",697.5,"Low"
17578,110.285416666667,6,903.87,1,5,3,153,"At Risk",5423.22,"Medium"
17579,214.23125,1,304.38,0,2,2,22,"Others",304.38,"Low"
17580,12.3701388888889,2,325.3,4,3,2,432,"Loyal Customers",650.6,"Low"
17581,8.21666666666667,20,7712.71,4,5,5,455,"Champions",154254.2,"Very High"
17582,82.2666666666667,4,1271.68,1,4,4,144,"At Risk",5086.72,"Medium"
17583,196.234027777778,1,135.95,0,2,1,21,"Others",135.95,"Low"
17584,103.304166666667,4,4067.12,1,4,5,145,"At Risk",16268.48,"High"
17585,81.2166666666667,3,948.03,1,4,3,143,"At Risk",2844.09,"Medium"
17586,255.284027777778,1,167.4,0,2,1,21,"Others",167.4,"Low"
17587,264.239583333333,1,176.71,0,2,1,21,"Others",176.71,"Low"
17588,32.1777777777778,4,1699.35,3,4,4,344,"Loyal Customers",6797.4,"High"
17589,21.2319444444444,14,11433.77,3,5,5,355,"Loyal Customers",160072.78,"Very High"
17591,3.18194444444444,2,519.95,4,3,3,433,"Loyal Customers",1039.9,"Medium"
17592,374.383333333333,1,148.3,0,2,1,21,"Others",148.3,"Low"
17593,45.0875,6,4168.46,2,5,5,255,"At Risk",25010.76,"High"
17594,85.0305555555556,2,1504.7,1,3,4,134,"At Risk",3009.4,"Medium"
17596,4.31041666666667,7,2075.74,4,5,4,454,"Champions",14530.18,"High"
17597,54.4083333333333,4,1439.72,2,4,4,244,"At Risk",5758.88,"High"
17598,17.0958333333333,1,409.98,3,2,2,322,"Others",409.98,"Low"
17599,113.299305555556,1,52.05,1,2,1,121,"Others",52.05,"Low"
17601,16.2305555555556,1,297.07,3,2,2,322,"Others",297.07,"Low"
17602,108.104166666667,8,2300.01,1,5,5,155,"At Risk",18400.08,"High"
17603,253.340277777778,3,1393.66,0,4,4,44,"At Risk",4180.98,"Medium"
17604,58.4055555555556,4,633.02,2,4,3,243,"At Risk",2532.08,"Medium"
17605,226.219444444444,1,160.75,0,2,1,21,"Others",160.75,"Low"
17606,373.270138888889,1,87.3,0,2,1,21,"Others",87.3,"Low"
17607,12.2847222222222,1,333.81,4,2,2,422,"Potential Loyalists",333.81,"Low"
17608,85.1569444444444,2,296.07,1,3,2,132,"At Risk",592.14,"Low"
17609,38.4173611111111,6,782.12,2,5,3,253,"At Risk",4692.72,"Medium"
17610,176.14375,5,1511.94,1,4,4,144,"At Risk",7559.7,"High"
17611,57.1777777777778,13,4376.41,2,5,5,255,"At Risk",56893.33,"Very High"
17612,15.0138888888889,12,3346.41,4,5,5,455,"Champions",40156.92,"Very High"
17615,23.4715277777778,3,392.2,3,4,2,342,"Loyal Customers",1176.6,"Medium"
17616,3.41458333333333,2,489.6,4,3,2,432,"Loyal Customers",979.2,"Medium"
17617,194.300694444444,1,385.19,0,2,2,22,"Others",385.19,"Low"
17618,19.3125,8,3071.36,3,5,5,355,"Loyal Customers",24570.88,"High"
17621,40.4076388888889,3,1795.22,2,4,4,244,"At Risk",5385.66,"Medium"
17622,233.309027777778,2,1130.21,0,3,4,34,"At Risk",2260.42,"Medium"
17623,45.2423611111111,6,1838.72,2,5,4,254,"At Risk",11032.32,"High"
17624,73.2458333333333,2,725.15,1,3,3,133,"At Risk",1450.3,"Medium"
17625,82.2152777777778,4,3958.5,1,4,5,145,"At Risk",15834,"High"
17626,238.323611111111,1,254,0,2,2,22,"Others",254,"Low"
17627,114.356944444444,1,296.36,1,2,2,122,"Others",296.36,"Low"
17629,24.21875,2,641.4,3,3,3,333,"Loyal Customers",1282.8,"Medium"
17631,10.4159722222222,4,470.16,4,4,2,442,"Loyal Customers",1880.64,"Medium"
17633,15.35625,3,732.55,3,4,3,343,"Loyal Customers",2197.65,"Medium"
17635,60.2006944444444,3,1265.58,2,4,4,244,"At Risk",3796.74,"Medium"
17638,283.228472222222,2,842.4,0,3,3,33,"At Risk",1684.8,"Medium"
17639,23.1597222222222,5,506.67,3,4,3,343,"Loyal Customers",2533.35,"Medium"
17640,15.2319444444444,5,2547.28,4,4,5,445,"Champions",12736.4,"High"
17642,65.2784722222222,3,1112.2,2,4,4,244,"At Risk",3336.6,"Medium"
17643,9.22430555555556,2,439.7,4,3,2,432,"Loyal Customers",879.4,"Low"
17644,30.4048611111111,9,3132.96,3,5,5,355,"Loyal Customers",28196.64,"High"
17646,1.23125,10,3141.4,4,5,5,455,"Champions",31414,"Very High"
17647,305.222916666667,2,198.6,0,3,1,31,"At Risk",397.2,"Low"
17648,21.1388888888889,1,418.87,3,2,2,322,"Others",418.87,"Low"
17649,105.401388888889,2,710.4,1,3,3,133,"At Risk",1420.8,"Medium"
17651,134.314583333333,6,1758.52,1,5,4,154,"At Risk",10551.12,"High"
17655,2.13611111111111,3,1013.54,4,4,4,444,"Champions",3040.62,"Medium"
17657,66.2145833333333,1,126,2,2,1,221,"Others",126,"Low"
17659,8.13541666666667,3,835.33,4,4,3,443,"Loyal Customers",2505.99,"Medium"
17660,373.165972222222,1,163.47,0,2,1,21,"Others",163.47,"Low"
17662,297.432638888889,2,412.92,0,3,2,32,"At Risk",825.84,"Low"
17663,53.3993055555556,10,3372.92,2,5,5,255,"At Risk",33729.2,"Very High"
17664,110.282638888889,2,561.59,1,3,3,133,"At Risk",1123.18,"Medium"
17665,129.284027777778,1,563.1,1,2,3,123,"Others",563.1,"Low"
17666,113.318055555556,3,1319.64,1,4,4,144,"At Risk",3958.92,"Medium"
17667,71.3208333333333,4,1895.19,1,4,4,144,"At Risk",7580.76,"High"
17669,98.2833333333333,3,2735.63,1,4,5,145,"At Risk",8206.89,"High"
17671,1.23194444444444,2,830.63,4,3,3,433,"Loyal Customers",1661.26,"Medium"
17672,53.26875,5,2600.46,2,4,5,245,"At Risk",13002.3,"High"
17673,11.1909722222222,7,2578.91,4,5,5,455,"Champions",18052.37,"High"
17674,4.40347222222222,1,300.66,4,2,2,422,"Potential Loyalists",300.66,"Low"
17675,3.27708333333333,40,17885.32,4,5,5,455,"Champions",715412.8,"Very High"
17676,2.25833333333333,5,1378.16,4,4,4,444,"Champions",6890.8,"High"
17677,2.32847222222222,28,20329.68,4,5,5,455,"Champions",569231.04,"Very High"
17678,239.254861111111,1,301.65,0,2,2,22,"Others",301.65,"Low"
17679,157.431944444444,5,1585.5,1,4,4,144,"At Risk",7927.5,"High"
17680,19.2708333333333,2,313.05,3,3,2,332,"Loyal Customers",626.1,"Low"
17681,233.110416666667,5,731.2,0,4,3,43,"At Risk",3656,"Medium"
17682,4.26805555555556,6,1982.45,4,5,4,454,"Champions",11894.7,"High"
17683,21.4097222222222,3,819.01,3,4,3,343,"Loyal Customers",2457.03,"Medium"
17685,8.22152777777778,6,2751.64,4,5,5,455,"Champions",16509.84,"High"
17686,59.1215277777778,2,2557.35,2,3,5,235,"At Risk",5114.7,"Medium"
17687,56.3131944444444,1,432.68,2,2,2,222,"Others",432.68,"Low"
17688,29.3888888888889,1,304.2,3,2,2,322,"Others",304.2,"Low"
17689,24.2770833333333,2,317.08,3,3,2,332,"Loyal Customers",634.16,"Low"
17690,2.19305555555556,8,2685.2,4,5,5,455,"Champions",21481.6,"High"
17691,4.36875,3,489.65,4,4,2,442,"Loyal Customers",1468.95,"Medium"
17692,32.2652777777778,8,2234.86,3,5,5,355,"Loyal Customers",17878.88,"High"
17694,147.402083333333,2,1412.85,1,3,4,134,"At Risk",2825.7,"Medium"
17695,30.2201388888889,3,980.7,3,4,3,343,"Loyal Customers",2942.1,"Medium"
17696,18.4208333333333,19,5393.88,3,5,5,355,"Loyal Customers",102483.72,"Very High"
17699,112.431944444444,2,442,1,3,2,132,"At Risk",884,"Low"
17700,17.1708333333333,10,4145.33,3,5,5,355,"Loyal Customers",41453.3,"Very High"
17702,19.2819444444444,2,1319.67,3,3,4,334,"Loyal Customers",2639.34,"Medium"
17703,54.15625,1,296.1,2,2,2,222,"Others",296.1,"Low"
17705,91.2208333333333,2,260.38,1,3,2,132,"At Risk",520.76,"Low"
17706,2.37291666666667,17,10245.49,4,5,5,455,"Champions",174173.33,"Very High"
17707,12.1729166666667,6,456.9,4,5,2,452,"Loyal Customers",2741.4,"Medium"
17708,38.4611111111111,2,620.85,2,3,3,233,"At Risk",1241.7,"Medium"
17709,106.249305555556,4,533.56,1,4,3,143,"At Risk",2134.24,"Medium"
17710,59.5083333333333,1,293.5,2,2,2,222,"Others",293.5,"Low"
17713,18.1326388888889,4,1198.09,3,4,4,344,"Loyal Customers",4792.36,"Medium"
17714,60.4798611111111,4,1257.18,2,4,4,244,"At Risk",5028.72,"Medium"
17715,228.322222222222,1,163.2,0,2,1,21,"Others",163.2,"Low"
17716,32.3861111111111,13,10300.98,3,5,5,355,"Loyal Customers",133912.74,"Very High"
17717,57.2965277777778,1,376.92,2,2,2,222,"Others",376.92,"Low"
17718,280.5,1,299.83,0,2,2,22,"Others",299.83,"Low"
17720,3.3875,7,1572.97,4,5,4,454,"Champions",11010.79,"High"
17721,295.196527777778,1,307.21,0,2,2,22,"Others",307.21,"Low"
17722,2.30555555555556,2,2006.32,4,3,4,434,"Loyal Customers",4012.64,"Medium"
17723,11.3930555555556,1,102,4,2,1,421,"Potential Loyalists",102,"Low"
17726,31.2666666666667,7,1092.06,3,5,4,354,"Loyal Customers",7644.42,"High"
17728,40.1743055555556,2,1362.75,2,3,4,234,"At Risk",2725.5,"Medium"
17729,232.206944444444,1,438.65,0,2,2,22,"Others",438.65,"Low"
17730,18.3159722222222,7,2475.32,3,5,5,355,"Loyal Customers",17327.24,"High"
17731,257.304166666667,2,468.88,0,3,2,32,"At Risk",937.76,"Low"
17732,8.43888888888889,8,2166.42,4,5,5,455,"Champions",17331.36,"High"
17734,161.416666666667,3,741.69,1,4,3,143,"At Risk",2225.07,"Medium"
17735,3.39513888888889,8,4134.91,4,5,5,455,"Champions",33079.28,"Very High"
17738,31.2340277777778,9,2304.51,3,5,5,355,"Loyal Customers",20740.59,"High"
17739,10.4229166666667,11,4939.24,4,5,5,455,"Champions",54331.64,"Very High"
17740,25.1444444444444,6,426.9,3,5,2,352,"Loyal Customers",2561.4,"Medium"
17741,42.3347222222222,2,101.1,2,3,1,231,"At Risk",202.2,"Low"
17742,64.2069444444444,9,1743.37,2,5,4,254,"At Risk",15690.33,"High"
17743,84.2131944444444,1,229.2,1,2,1,121,"Others",229.2,"Low"
17744,16.4354166666667,1,326.74,3,2,2,322,"Others",326.74,"Low"
17745,113.313194444444,2,600.34,1,3,3,133,"At Risk",1200.68,"Medium"
17746,107.270833333333,3,793.93,1,4,3,143,"At Risk",2381.79,"Medium"
17748,163.258333333333,1,358.15,1,2,2,122,"Others",358.15,"Low"
17749,182.211805555556,1,351.66,0,2,2,22,"Others",351.66,"Low"
17751,57.2527777777778,1,157.86,2,2,1,221,"Others",157.86,"Low"
17753,100.175,4,382.06,1,4,2,142,"At Risk",1528.24,"Medium"
17754,10.3541666666667,8,2786.57,4,5,5,455,"Champions",22292.56,"High"
17756,11.3201388888889,3,728.75,4,4,3,443,"Loyal Customers",2186.25,"Medium"
17757,4.26388888888889,28,3773.11,4,5,5,455,"Champions",105647.08,"Very High"
17758,63.3284722222222,4,1555.83,2,4,4,244,"At Risk",6223.32,"High"
17759,29.2027777777778,2,441.92,3,3,2,332,"Loyal Customers",883.84,"Low"
17760,9.20347222222222,5,631.34,4,4,3,443,"Loyal Customers",3156.7,"Medium"
17762,92.0979166666667,1,129.75,1,2,1,121,"Others",129.75,"Low"
17763,289.26875,3,71.15,0,4,1,41,"At Risk",213.45,"Low"
17764,38.1173611111111,3,741.02,2,4,3,243,"At Risk",2223.06,"Medium"
17765,84.3027777777778,1,156.37,1,2,1,121,"Others",156.37,"Low"
17766,17.2305555555556,2,299.61,3,3,2,332,"Loyal Customers",599.22,"Low"
17767,46.1520833333333,1,141.85,2,2,1,221,"Others",141.85,"Low"
17768,23.2631944444444,4,1210.83,3,4,4,344,"Loyal Customers",4843.32,"Medium"
17769,19.3263888888889,7,3095.95,3,5,5,355,"Loyal Customers",21671.65,"High"
17771,72.1430555555555,2,141.6,1,3,1,131,"At Risk",283.2,"Low"
17772,28.3541666666667,1,187.3,3,2,1,321,"Others",187.3,"Low"
17773,150.245833333333,2,575.37,1,3,3,133,"At Risk",1150.74,"Medium"
17774,33.3125,5,2060.1,3,4,4,344,"Loyal Customers",10300.5,"High"
17776,22.3243055555556,2,330.56,3,3,2,332,"Loyal Customers",661.12,"Low"
17778,297.303472222222,1,197.7,0,2,1,21,"Others",197.7,"Low"
17780,303.2625,3,346.56,0,4,2,42,"At Risk",1039.68,"Medium"
17782,18.3652777777778,2,679.02,3,3,3,333,"Loyal Customers",1358.04,"Medium"
17783,148.299305555556,1,93.49,1,2,1,121,"Others",93.49,"Low"
17784,186.161805555556,1,112.86,0,2,1,21,"Others",112.86,"Low"
17785,81.2409722222222,2,271.44,1,3,2,132,"At Risk",542.88,"Low"
17787,7.2625,1,736.28,4,2,3,423,"Potential Loyalists",736.28,"Low"
17789,297.28125,1,171.25,0,2,1,21,"Others",171.25,"Low"
17790,14.4041666666667,6,815.11,4,5,3,453,"Loyal Customers",4890.66,"Medium"
17792,103.229861111111,2,368.35,1,3,2,132,"At Risk",736.7,"Low"
17794,322.404861111111,2,147.3,0,3,1,31,"At Risk",294.6,"Low"
17796,5.31805555555556,4,661.04,4,4,3,443,"Loyal Customers",2644.16,"Medium"
17797,31.2277777777778,5,1191.44,3,4,4,344,"Loyal Customers",5957.2,"High"
17798,217.346527777778,1,178.07,0,2,1,21,"Others",178.07,"Low"
17799,25.2520833333333,10,3207.76,3,5,5,355,"Loyal Customers",32077.6,"Very High"
17801,87.2284722222222,3,770.03,1,4,3,143,"At Risk",2310.09,"Medium"
17802,8.26180555555556,8,3761.38,4,5,5,455,"Champions",30091.04,"High"
17803,28.2555555555556,1,184.66,3,2,1,321,"Others",184.66,"Low"
17804,12.25,3,383.78,4,4,2,442,"Loyal Customers",1151.34,"Medium"
17805,246.225694444444,1,414.72,0,2,2,22,"Others",414.72,"Low"
17807,31.1527777777778,3,437.87,3,4,2,342,"Loyal Customers",1313.61,"Medium"
17808,184.386805555556,4,262.64,0,4,2,42,"At Risk",1050.56,"Medium"
17809,7.30416666666667,11,5925.48,4,5,5,455,"Champions",65180.28,"Very High"
17810,304.384722222222,2,373.16,0,3,2,32,"At Risk",746.32,"Low"
17811,10.3784722222222,8,1757.98,4,5,4,454,"Champions",14063.84,"High"
17812,4.19027777777778,4,405.48,4,4,2,442,"Loyal Customers",1621.92,"Medium"
17814,11.2361111111111,2,1609.37,4,3,4,434,"Loyal Customers",3218.74,"Medium"
17815,29.2236111111111,1,591.96,3,2,3,323,"Others",591.96,"Low"
17816,1.24375,3,75.76,4,4,1,441,"Loyal Customers",227.28,"Low"
17817,14.2444444444444,3,400.47,4,4,2,442,"Loyal Customers",1201.41,"Medium"
17818,373.352083333333,1,124.78,0,2,1,21,"Others",124.78,"Low"
17819,7.23263888888889,6,2907.65,4,5,5,455,"Champions",17445.9,"High"
17820,10.0958333333333,1,180.61,4,2,1,421,"Potential Loyalists",180.61,"Low"
17821,42.2784722222222,1,334.62,2,2,2,222,"Others",334.62,"Low"
17822,56.2597222222222,5,2162.93,2,4,5,245,"At Risk",10814.65,"High"
17823,57.1506944444444,2,449.25,2,3,2,232,"At Risk",898.5,"Low"
17825,234.333333333333,4,701.96,0,4,3,43,"At Risk",2807.84,"Medium"
17826,10.2763888888889,1,133.34,4,2,1,421,"Potential Loyalists",133.34,"Low"
17827,257.320138888889,1,388.84,0,2,2,22,"Others",388.84,"Low"
17829,45.2604166666667,4,3867.5,2,4,5,245,"At Risk",15470,"High"
17833,359.264583333333,1,338.46,0,2,2,22,"Others",338.46,"Low"
17834,50.3277777777778,2,689.67,2,3,3,233,"At Risk",1379.34,"Medium"
17838,1.17430555555556,10,3786.7,4,5,5,455,"Champions",37867,"Very High"
17840,79.3173611111111,1,175.9,1,2,1,121,"Others",175.9,"Low"
17841,1.10694444444444,91,29562.02,4,5,5,455,"Champions",2690143.82,"Very High"
17842,238.234722222222,1,430.69,0,2,2,22,"Others",430.69,"Low"
17843,47.3784722222222,1,114.92,2,2,1,221,"Others",114.92,"Low"
17845,191.195138888889,4,596.09,0,4,3,43,"At Risk",2384.36,"Medium"
17847,151.417361111111,2,129.69,1,3,1,131,"At Risk",259.38,"Low"
17848,53.1409722222222,21,2657.91,2,5,5,255,"At Risk",55816.11,"Very High"
17849,116.354166666667,4,457.96,1,4,2,142,"At Risk",1831.84,"Medium"
17850,8.19027777777778,155,51208.87,4,5,5,455,"Champions",7937374.85,"Very High"
17851,58.2,6,1552.35,2,5,4,254,"At Risk",9314.1,"High"
17852,24.3208333333333,3,543.47,3,4,3,343,"Loyal Customers",1630.41,"Medium"
17853,43.1888888888889,3,1596.29,2,4,4,244,"At Risk",4788.87,"Medium"
17854,98.3298611111111,4,757.24,1,4,3,143,"At Risk",3028.96,"Medium"
17855,8.42847222222222,1,208.97,4,2,1,421,"Potential Loyalists",208.97,"Low"
17857,1.35138888888889,2,1803.2,4,3,4,434,"Loyal Customers",3606.4,"Medium"
17858,5.28680555555556,19,7614.24,4,5,5,455,"Champions",144670.56,"Very High"
17860,4.30555555555556,4,717.39,4,4,3,443,"Loyal Customers",2869.56,"Medium"
17861,21.2625,10,2990.41,3,5,5,355,"Loyal Customers",29904.1,"High"
17862,21.3277777777778,3,923.99,3,4,3,343,"Loyal Customers",2771.97,"Medium"
17863,5.27777777777778,7,2585.2,4,5,5,455,"Champions",18096.4,"High"
17864,21.33125,2,321.72,3,3,2,332,"Loyal Customers",643.44,"Low"
17865,11.3916666666667,26,15785.87,4,5,5,455,"Champions",410432.62,"Very High"
17866,120.304166666667,2,805.3,1,3,3,133,"At Risk",1610.6,"Medium"
17867,46.1736111111111,9,424.18,2,5,2,252,"At Risk",3817.62,"Medium"
17868,22.0458333333333,1,227.15,3,2,1,321,"Others",227.15,"Low"
17869,4.11458333333333,3,599.78,4,4,3,443,"Loyal Customers",1799.34,"Medium"
17870,2.49236111111111,2,1213.8,4,3,4,434,"Loyal Customers",2427.6,"Medium"
17871,33.2777777777778,4,913.05,3,4,3,343,"Loyal Customers",3652.2,"Medium"
17872,17.3326388888889,1,235.87,3,2,1,321,"Others",235.87,"Low"
17873,9.21319444444444,14,4621.32,4,5,5,455,"Champions",64698.48,"Very High"
17875,324.188194444444,1,167.1,0,2,1,21,"Others",167.1,"Low"
17876,35.38125,3,3424.02,3,4,5,345,"Loyal Customers",10272.06,"High"
17878,31.25625,2,999.48,3,3,4,334,"Loyal Customers",1998.96,"Medium"
17880,275.306944444444,2,366,0,3,2,32,"At Risk",732,"Low"
17882,15.2229166666667,2,291.56,4,3,2,432,"Loyal Customers",583.12,"Low"
17883,175.139583333333,3,324.08,1,4,2,142,"At Risk",972.24,"Medium"
17884,4.2,18,2325.92,4,5,5,455,"Champions",41866.56,"Very High"
17886,73.2201388888889,3,703.27,1,4,3,143,"At Risk",2109.81,"Medium"
17888,10.1555555555556,17,1091.44,4,5,4,454,"Champions",18554.48,"High"
17889,10.3111111111111,5,545.05,4,4,3,443,"Loyal Customers",2725.25,"Medium"
17894,2.21597222222222,11,1292.39,4,5,4,454,"Champions",14216.29,"High"
17897,3.17152777777778,8,1968.75,4,5,4,454,"Champions",15750,"High"
17898,88.3333333333333,2,147.12,1,3,1,131,"At Risk",294.24,"Low"
17901,157.372222222222,2,149.7,1,3,1,131,"At Risk",299.4,"Low"
17902,182.316666666667,1,216.4,0,2,1,21,"Others",216.4,"Low"
17903,30.1819444444444,1,381.09,3,2,2,322,"Others",381.09,"Low"
17905,9.27777777777778,10,1580.38,4,5,4,454,"Champions",15803.8,"High"
17907,276.311111111111,1,291.76,0,2,2,22,"Others",291.76,"Low"
17908,9.34444444444444,5,1142.47,4,4,4,444,"Champions",5712.35,"High"
17909,373.285416666667,1,110.05,0,2,1,21,"Others",110.05,"Low"
17910,362.164583333333,1,261.7,0,2,2,22,"Others",261.7,"Low"
17912,11.2555555555556,1,64.49,4,2,1,421,"Potential Loyalists",64.49,"Low"
17913,36.0340277777778,12,3020.64,3,5,5,355,"Loyal Customers",36247.68,"Very High"
17915,187.277083333333,1,225.78,0,2,1,21,"Others",225.78,"Low"
17916,264.315972222222,2,43.87,0,3,1,31,"At Risk",87.74,"Low"
17918,136.340277777778,3,396.39,1,4,2,142,"At Risk",1189.17,"Medium"
17919,74.3895833333333,1,536.28,1,2,3,123,"Others",536.28,"Low"
17920,4.12708333333333,39,20137.24,4,5,5,455,"Champions",785352.36,"Very High"
17921,15.0256944444444,6,1574.13,4,5,4,454,"Champions",9444.78,"High"
17922,179.145138888889,1,170.4,0,2,1,21,"Others",170.4,"Low"
17923,163.263888888889,2,289.5,1,3,2,132,"At Risk",579,"Low"
17924,9.38194444444444,2,574.2,4,3,3,433,"Loyal Customers",1148.4,"Medium"
17925,8.41041666666667,1,244.08,4,2,1,421,"Potential Loyalists",244.08,"Low"
17926,80.0548611111111,3,638.2,1,4,3,143,"At Risk",1914.6,"Medium"
17927,357.373611111111,1,294,0,2,2,22,"Others",294,"Low"
17928,207.188194444444,1,128.7,0,2,1,21,"Others",128.7,"Low"
17929,23.3333333333333,8,2239.1,3,5,5,355,"Loyal Customers",17912.8,"High"
17930,29.4805555555556,8,2534.74,3,5,5,355,"Loyal Customers",20277.92,"High"
17931,33.3090277777778,12,2993.88,3,5,5,355,"Loyal Customers",35926.56,"Very High"
17933,268.201388888889,1,114.69,0,2,1,21,"Others",114.69,"Low"
17934,42.3180555555556,1,344.9,2,2,2,222,"Others",344.9,"Low"
17935,36.3298611111111,5,540.35,2,4,3,243,"At Risk",2701.75,"Medium"
17938,56.2319444444444,1,144.29,2,2,1,221,"Others",144.29,"Low"
17940,81.1861111111111,6,26286.75,1,5,5,155,"At Risk",157720.5,"Very High"
17941,226.443055555556,3,1128.72,0,4,4,44,"At Risk",3386.16,"Medium"
17944,59.15,1,74.99,2,2,1,221,"Others",74.99,"Low"
17945,332.347916666667,3,360.35,0,4,2,42,"At Risk",1081.05,"Medium"
17949,7.28402777777778,74,60117.6,4,5,5,455,"Champions",4448702.4,"Very High"
17950,1.19513888888889,6,947.26,4,5,3,453,"Loyal Customers",5683.56,"High"
17951,9.30625,2,627.54,4,3,3,433,"Loyal Customers",1255.08,"Medium"
17952,14.2548611111111,4,788.46,4,4,3,443,"Loyal Customers",3153.84,"Medium"
17953,176.203472222222,1,159.17,0,2,1,21,"Others",159.17,"Low"
17954,3.30833333333333,9,1618.93,4,5,4,454,"Champions",14570.37,"High"
17955,291.360416666667,2,392.6,0,3,2,32,"At Risk",785.2,"Low"
17958,364.183333333333,1,465.42,0,2,2,22,"Others",465.42,"Low"
17959,228.242361111111,1,140.75,0,2,1,21,"Others",140.75,"Low"
17960,158.420138888889,2,61.3,1,3,1,131,"At Risk",122.6,"Low"
17961,8.02986111111111,62,1697.85,4,5,4,454,"Champions",105266.7,"Very High"
17962,185.150694444444,3,564.55,0,4,3,43,"At Risk",1693.65,"Medium"
17963,107.16875,4,643.16,1,4,3,143,"At Risk",2572.64,"Medium"
17964,8.27013888888889,1,261.76,4,2,2,422,"Potential Loyalists",261.76,"Low"
17965,1.07777777777778,17,4558.01,4,5,5,455,"Champions",77486.17,"Very High"
17966,227.407638888889,5,865.49,0,4,3,43,"At Risk",4327.45,"Medium"
17967,7.3625,2,223.42,4,3,1,431,"Loyal Customers",446.84,"Low"
17968,9.31805555555556,4,590.44,4,4,3,443,"Loyal Customers",2361.76,"Medium"
17969,138.286805555556,18,2126.09,1,5,4,154,"At Risk",38269.62,"Very High"
17971,184.247916666667,1,161.94,0,2,1,21,"Others",161.94,"Low"
17974,17.2756944444444,3,1035.1,3,4,4,344,"Loyal Customers",3105.3,"Medium"
17975,2.34930555555556,12,2527.17,4,5,5,455,"Champions",30326.04,"High"
17976,8.25833333333333,1,321.79,4,2,2,422,"Potential Loyalists",321.79,"Low"
17977,36.2326388888889,1,1223.31,2,2,4,224,"Others",1223.31,"Medium"
17978,1.24722222222222,4,1159.99,4,4,4,444,"Champions",4639.96,"Medium"
17980,29.2215277777778,1,201.27,3,2,1,321,"Others",201.27,"Low"
17981,46.3895833333333,1,239.12,2,2,1,221,"Others",239.12,"Low"
17982,316.432638888889,1,138.18,0,2,1,21,"Others",138.18,"Low"
17983,31.2756944444444,1,171.71,3,2,1,321,"Others",171.71,"Low"
17984,28.2416666666667,4,999.51,3,4,4,344,"Loyal Customers",3998.04,"Medium"
17987,12.1645833333333,4,766.87,4,4,3,443,"Loyal Customers",3067.48,"Medium"
17988,123.128472222222,7,288.42,1,5,2,152,"At Risk",2018.94,"Medium"
17989,15.2583333333333,1,207.33,4,2,1,421,"Potential Loyalists",207.33,"Low"
17990,16.4194444444444,3,896.77,3,4,3,343,"Loyal Customers",2690.31,"Medium"
17991,227.302083333333,1,206.95,0,2,1,21,"Others",206.95,"Low"
17992,25.2895833333333,1,252.88,3,2,2,322,"Others",252.88,"Low"
17993,253.234722222222,1,225.99,0,2,1,21,"Others",225.99,"Low"
17994,24.4201388888889,7,1595.14,3,5,4,354,"Loyal Customers",11165.98,"High"
17995,18.14375,2,419.38,3,3,2,332,"Loyal Customers",838.76,"Low"
17996,15.3756944444444,3,482.33,3,4,2,342,"Loyal Customers",1446.99,"Medium"
17998,16.1875,3,639.24,3,4,3,343,"Loyal Customers",1917.72,"Medium"
17999,2.19722222222222,2,338.41,4,3,2,432,"Loyal Customers",676.82,"Low"
18000,200.102083333333,1,124.25,0,2,1,21,"Others",124.25,"Low"
18001,85.35,4,509.01,1,4,3,143,"At Risk",2036.04,"Medium"
18002,11.3777777777778,4,244.37,4,4,1,441,"Loyal Customers",977.48,"Medium"
18003,12.2027777777778,1,353.51,4,2,2,422,"Potential Loyalists",353.51,"Low"
18006,17.4020833333333,3,524.83,3,4,3,343,"Loyal Customers",1574.49,"Medium"
18007,28.3701388888889,1,215.22,3,2,1,321,"Others",215.22,"Low"
18008,51.23125,14,17642.89,2,5,5,255,"At Risk",247000.46,"Very High"
18009,178.264583333333,7,1896.84,0,5,4,54,"At Risk",13277.88,"High"
18011,9.10138888888889,2,410.79,4,3,2,432,"Loyal Customers",821.58,"Low"
18012,359.28125,1,115.3,0,2,1,21,"Others",115.3,"Low"
18016,46.2340277777778,2,476.9,2,3,2,232,"At Risk",953.8,"Low"
18017,67.2013888888889,1,165,2,2,1,221,"Others",165,"Low"
18018,35.1729166666667,2,175.85,3,3,1,331,"Loyal Customers",351.7,"Low"
18020,179.3125,1,190.48,0,2,1,21,"Others",190.48,"Low"
18021,145.38125,2,216.41,1,3,1,131,"At Risk",432.82,"Low"
18022,21.28125,4,894.53,3,4,3,343,"Loyal Customers",3578.12,"Medium"
18025,15.3083333333333,6,1177.72,3,5,4,354,"Loyal Customers",7066.32,"High"
18026,136.391666666667,2,2074.07,1,3,4,134,"At Risk",4148.14,"Medium"
18028,219.272916666667,1,192.05,0,2,1,21,"Others",192.05,"Low"
18029,278.188194444444,1,433.77,0,2,2,22,"Others",433.77,"Low"
18031,14.3756944444444,1,451.3,4,2,2,422,"Potential Loyalists",451.3,"Low"
18034,11.3090277777778,1,335.52,4,2,2,422,"Potential Loyalists",335.52,"Low"
18035,21.2604166666667,2,546.34,3,3,3,333,"Loyal Customers",1092.68,"Medium"
18036,21.2534722222222,8,1142.37,3,5,4,354,"Loyal Customers",9138.96,"High"
18037,57.3020833333333,9,97.4,2,5,1,251,"At Risk",876.6,"Low"
18038,192.168055555556,1,141.48,0,2,1,21,"Others",141.48,"Low"
18039,10.2875,4,548.22,4,4,3,443,"Loyal Customers",2192.88,"Medium"
18041,1.27569444444444,20,4536.29,4,5,5,455,"Champions",90725.8,"Very High"
18042,177.380555555556,1,116.1,0,2,1,21,"Others",116.1,"Low"
18043,2.30972222222222,1,287.91,4,2,2,422,"Potential Loyalists",287.91,"Low"
18044,23.275,8,1417.01,3,5,4,354,"Loyal Customers",11336.08,"High"
18046,285.350694444444,1,189.63,0,2,1,21,"Others",189.63,"Low"
18047,17.2847222222222,2,326.09,3,3,2,332,"Loyal Customers",652.18,"Low"
18048,129.290277777778,1,222.64,1,2,1,121,"Others",222.64,"Low"
18049,73.2326388888889,2,500.92,1,3,3,133,"At Risk",1001.84,"Medium"
18050,29.1736111111111,1,337.66,3,2,2,322,"Others",337.66,"Low"
18051,270.252083333333,7,2282.28,0,5,5,55,"At Risk",15975.96,"High"
18052,200.368055555556,1,10877.18,0,2,5,25,"Others",10877.18,"High"
18053,161.346527777778,2,271.05,1,3,2,132,"At Risk",542.1,"Low"
18054,28.4881944444444,1,176.5,3,2,1,321,"Others",176.5,"Low"
18055,3.45,6,4381.78,4,5,5,455,"Champions",26290.68,"High"
18056,254.313888888889,1,190.95,0,2,1,21,"Others",190.95,"Low"
18057,29.1291666666667,3,1188.46,3,4,4,344,"Loyal Customers",3565.38,"Medium"
18058,177.261111111111,2,603.9,0,3,3,33,"At Risk",1207.8,"Medium"
18060,44.1388888888889,2,1185.46,2,3,4,234,"At Risk",2370.92,"Medium"
18061,2.29027777777778,19,4369.56,4,5,5,455,"Champions",83021.64,"Very High"
18062,22.4138888888889,3,912.15,3,4,3,343,"Loyal Customers",2736.45,"Medium"
18063,26.3854166666667,2,186.6,3,3,1,331,"Loyal Customers",373.2,"Low"
18064,82.1833333333333,9,3667.83,1,5,5,155,"At Risk",33010.47,"Very High"
18065,24.4138888888889,15,3473.8,3,5,5,355,"Loyal Customers",52107,"Very High"
18066,22.4118055555556,2,1122.4,3,3,4,334,"Loyal Customers",2244.8,"Medium"
18069,19.1701388888889,6,2455.68,3,5,5,355,"Loyal Customers",14734.08,"High"
18070,305.272916666667,1,314.1,0,2,2,22,"Others",314.1,"Low"
18071,1.39444444444444,5,975.63,4,4,3,443,"Loyal Customers",4878.15,"Medium"
18074,9.42222222222222,2,1019.44,4,3,4,434,"Loyal Customers",2038.88,"Medium"
18075,10.3277777777778,10,3171.54,4,5,5,455,"Champions",31715.4,"Very High"
18076,16.2493055555556,1,151.49,3,2,1,321,"Others",151.49,"Low"
18077,2.40277777777778,8,1699.25,4,5,4,454,"Champions",13594,"High"
18078,61.1666666666667,2,389.4,2,3,2,232,"At Risk",778.8,"Low"
18079,127.320833333333,1,590.78,1,2,3,123,"Others",590.78,"Low"
18083,33.3451388888889,1,463.53,3,2,2,322,"Others",463.53,"Low"
18084,19.1763888888889,2,704.75,3,3,3,333,"Loyal Customers",1409.5,"Medium"
18085,9.32847222222222,3,955.8,4,4,3,443,"Loyal Customers",2867.4,"Medium"
18087,15.3340277777778,15,10705.8,3,5,5,355,"Loyal Customers",160587,"Very High"
18089,82.3361111111111,1,428.45,1,2,2,122,"Others",428.45,"Low"
18090,57.3118055555556,1,321.9,2,2,2,222,"Others",321.9,"Low"
18091,229.279861111111,1,360.85,0,2,2,22,"Others",360.85,"Low"
18092,1.41736111111111,8,7111.18,4,5,5,455,"Champions",56889.44,"Very High"
18093,80.1805555555556,4,2346.19,1,4,5,145,"At Risk",9384.76,"High"
18094,82.2486111111111,6,3374.22,1,5,5,155,"At Risk",20245.32,"High"
18095,63.2027777777778,3,1723.04,2,4,4,244,"At Risk",5169.12,"Medium"
18096,78.2548611111111,3,808.81,1,4,3,143,"At Risk",2426.43,"Medium"
18097,21.3791666666667,5,1965.52,3,4,4,344,"Loyal Customers",9827.6,"High"
18098,32.1458333333333,1,527.94,3,2,3,323,"Others",527.94,"Low"
18100,186.2375,1,451.56,0,2,2,22,"Others",451.56,"Low"
18101,10.2361111111111,3,399.61,4,4,2,442,"Loyal Customers",1198.83,"Medium"
18102,1.26180555555556,89,349164.35,4,5,5,455,"Champions",31075627.15,"Very High"
18103,185.267361111111,1,105.8,0,2,1,21,"Others",105.8,"Low"
18106,112.240972222222,5,1019.16,1,4,4,144,"At Risk",5095.8,"Medium"
18107,78.2902777777778,1,165.88,1,2,1,121,"Others",165.88,"Low"
18108,232.432638888889,2,577.81,0,3,3,33,"At Risk",1155.62,"Medium"
18109,5.37708333333333,13,1828.24,4,5,4,454,"Champions",23767.12,"High"
18110,47.2361111111111,1,193.48,2,2,1,221,"Others",193.48,"Low"
18111,225.29375,1,405.85,0,2,2,22,"Others",405.85,"Low"
18112,54.28125,2,420.67,2,3,2,232,"At Risk",841.34,"Low"
18113,4.3125,1,76.32,4,2,1,421,"Potential Loyalists",76.32,"Low"
18115,333.336111111111,1,9.7,0,2,1,21,"Others",9.7,"Low"
18116,12.1875,5,731.38,4,4,3,443,"Loyal Customers",3656.9,"Medium"
18118,5.325,4,1068.05,4,4,4,444,"Champions",4272.2,"Medium"
18119,3.33472222222222,1,180.7,4,2,1,421,"Potential Loyalists",180.7,"Low"
18123,149.301388888889,1,92.2,1,2,1,121,"Others",92.2,"Low"
18124,108.111111111111,1,102.65,1,2,1,121,"Others",102.65,"Low"
18127,39.2534722222222,1,209.05,2,2,1,221,"Others",209.05,"Low"
18128,173.279166666667,1,399.29,1,2,2,122,"Others",399.29,"Low"
18131,267.467361111111,1,222.96,0,2,1,21,"Others",222.96,"Low"
18132,140.129861111111,1,220.13,1,2,1,121,"Others",220.13,"Low"
18134,234.249305555556,2,445,0,3,2,32,"At Risk",890,"Low"
18135,28.39375,5,567.71,3,4,3,343,"Loyal Customers",2838.55,"Medium"
18136,45.1694444444444,2,847.03,2,3,3,233,"At Risk",1694.06,"Medium"
18137,187.238194444444,2,145.99,0,3,1,31,"At Risk",291.98,"Low"
18140,109.335416666667,1,536.41,1,2,3,123,"Others",536.41,"Low"
18141,37.3451388888889,2,882.47,2,3,3,233,"At Risk",1764.94,"Medium"
18144,9.26111111111111,8,2169.25,4,5,5,455,"Champions",17354,"High"
18145,18.2958333333333,7,2748.19,3,5,5,355,"Loyal Customers",19237.33,"High"
18148,282.347916666667,1,112.85,0,2,1,21,"Others",112.85,"Low"
18149,40.3590277777778,4,941.88,2,4,3,243,"At Risk",3767.52,"Medium"
18151,56.1888888888889,4,1226.09,2,4,4,244,"At Risk",4904.36,"Medium"
18152,282.190972222222,1,426.69,0,2,2,22,"Others",426.69,"Low"
18153,295.174305555556,1,246.22,0,2,1,21,"Others",246.22,"Low"
18154,24.30625,3,533.41,3,4,3,343,"Loyal Customers",1600.23,"Medium"
18156,5.31388888888889,1,186.88,4,2,1,421,"Potential Loyalists",186.88,"Low"
18157,207.244444444444,1,213.9,0,2,1,21,"Others",213.9,"Low"
18160,22.1444444444444,1,365.82,3,2,2,322,"Others",365.82,"Low"
18161,15.1708333333333,1,184.41,4,2,1,421,"Potential Loyalists",184.41,"Low"
18162,368.275694444444,1,371.51,0,2,2,22,"Others",371.51,"Low"
18163,220.215277777778,1,728.84,0,2,3,23,"Others",728.84,"Low"
18166,259.315972222222,1,175.5,0,2,1,21,"Others",175.5,"Low"
18168,8.07847222222222,11,2538.76,4,5,5,455,"Champions",27926.36,"High"
18170,10.2694444444444,6,1897.69,4,5,4,454,"Champions",11386.14,"High"
18171,106.322222222222,4,1206,1,4,4,144,"At Risk",4824,"Medium"
18172,23.1923611111111,32,9905.56,3,5,5,355,"Loyal Customers",316977.92,"Very High"
18173,248.3875,1,589.52,0,2,3,23,"Others",589.52,"Low"
18174,239.322222222222,1,58.5,0,2,1,21,"Others",58.5,"Low"
18175,311.4,1,176.1,0,2,1,21,"Others",176.1,"Low"
18177,196.307638888889,3,875.45,0,4,3,43,"At Risk",2626.35,"Medium"
18178,38.1090277777778,7,4512.93,2,5,5,255,"At Risk",31590.51,"Very High"
18179,158.384027777778,2,754.38,1,3,3,133,"At Risk",1508.76,"Medium"
18181,36.1319444444444,4,821.49,3,4,3,343,"Loyal Customers",3285.96,"Medium"
18182,99.2333333333333,1,291.13,1,2,2,122,"Others",291.13,"Low"
18186,358.402083333333,1,329.58,0,2,2,22,"Others",329.58,"Low"
18187,267.425,1,724.89,0,2,3,23,"Others",724.89,"Low"
18188,66.4326388888889,3,1279.55,2,4,4,244,"At Risk",3838.65,"Medium"
18189,261.419444444444,1,313.49,0,2,2,22,"Others",313.49,"Low"
18190,239.427777777778,3,461.16,0,4,2,42,"At Risk",1383.48,"Medium"
18191,113.096527777778,1,321.6,1,2,2,122,"Others",321.6,"Low"
18193,16.3166666666667,2,963.59,3,3,3,333,"Loyal Customers",1927.18,"Medium"
18194,74.2868055555556,5,3188.2,1,4,5,145,"At Risk",15941,"High"
18195,23.2069444444444,1,101.16,3,2,1,321,"Others",101.16,"Low"
18196,107.1875,2,770.56,1,3,3,133,"At Risk",1541.12,"Medium"
18197,211.385416666667,1,230.1,0,2,1,21,"Others",230.1,"Low"
18199,319.353472222222,1,344.75,0,2,2,22,"Others",344.75,"Low"
18201,358.4625,1,447.53,0,2,2,22,"Others",447.53,"Low"
18203,17.3166666666667,3,332.1,3,4,2,342,"Loyal Customers",996.3,"Medium"
18206,189.259722222222,1,314.66,0,2,2,22,"Others",314.66,"Low"
18207,135.232638888889,1,544.47,1,2,3,123,"Others",544.47,"Low"
18208,201.338194444444,1,360.08,0,2,2,22,"Others",360.08,"Low"
18210,18.4319444444444,1,147.45,3,2,1,321,"Others",147.45,"Low"
18212,313.221527777778,1,298.3,0,2,2,22,"Others",298.3,"Low"
18214,166.361111111111,4,1780.34,1,4,4,144,"At Risk",7121.36,"High"
18215,73.1548611111111,4,1933.15,1,4,4,144,"At Risk",7732.6,"High"
18217,149.315277777778,2,323.29,1,3,2,132,"At Risk",646.58,"Low"
18218,232.307638888889,2,479.92,0,3,2,32,"At Risk",959.84,"Medium"
18219,4.41388888888889,8,1493.12,4,5,4,454,"Champions",11944.96,"High"
18220,30.2354166666667,5,1616.48,3,4,4,344,"Loyal Customers",8082.4,"High"
18221,26.1770833333333,1,383.33,3,2,2,322,"Others",383.33,"Low"
18223,23.3201388888889,12,7516.31,3,5,5,355,"Loyal Customers",90195.72,"Very High"
18225,1.17708333333333,15,7539.84,4,5,5,455,"Champions",113097.6,"Very High"
18226,14.1736111111111,15,6650.83,4,5,5,455,"Champions",99762.45,"Very High"
18227,120.136111111111,1,295,1,2,2,122,"Others",295,"Low"
18229,2.38194444444444,10,3526.81,4,5,5,455,"Champions",35268.1,"Very High"
18230,14.1861111111111,2,1480.86,4,3,4,434,"Loyal Customers",2961.72,"Medium"
18231,42.2388888888889,23,4782.4,2,5,5,255,"At Risk",109995.2,"Very High"
18234,187.360416666667,1,179.6,0,2,1,21,"Others",179.6,"Low"
18236,24.3006944444444,6,913.11,3,5,3,353,"Loyal Customers",5478.66,"Medium"
18238,151.298611111111,1,270.92,1,2,2,122,"Others",270.92,"Low"
18239,8.09236111111111,2,588.75,4,3,3,433,"Loyal Customers",1177.5,"Medium"
18241,51.3354166666667,4,913.9,2,4,3,243,"At Risk",3655.6,"Medium"
18242,81.2527777777778,4,1372.72,1,4,4,144,"At Risk",5490.88,"Medium"
18243,50.2305555555556,1,515.78,2,2,3,223,"Others",515.78,"Low"
18244,66.3652777777778,2,568.64,2,3,3,233,"At Risk",1137.28,"Medium"
18245,15.13125,13,3757.92,4,5,5,455,"Champions",48852.96,"Very High"
18246,245.404166666667,1,162.72,0,2,1,21,"Others",162.72,"Low"
18247,50.425,3,839.73,2,4,3,243,"At Risk",2519.19,"Medium"
18251,81.2743055555556,8,21964.14,1,5,5,155,"At Risk",175713.12,"Very High"
18252,184.316666666667,5,1015.42,0,4,4,44,"At Risk",5077.1,"Medium"
18253,278.307638888889,1,317.88,0,2,2,22,"Others",317.88,"Low"
18254,217.225,1,267.9,0,2,2,22,"Others",267.9,"Low"
18255,92.1458333333333,1,199.85,1,2,1,121,"Others",199.85,"Low"
18256,23.4638888888889,1,110.7,3,2,1,321,"Others",110.7,"Low"
18257,82.2909722222222,4,2262.52,1,4,5,145,"At Risk",9050.08,"High"
18258,100.236805555556,6,2059.67,1,5,4,154,"At Risk",12358.02,"High"
18259,2.26597222222222,5,1979.6,4,4,4,444,"Champions",9898,"High"
18260,10.3166666666667,17,7318.91,4,5,5,455,"Champions",124421.47,"Very High"
18262,29.2715277777778,2,428.06,3,3,2,332,"Loyal Customers",856.12,"Low"
18264,134.415972222222,1,603.25,1,2,3,123,"Others",603.25,"Low"
18266,70.1861111111111,1,251.1,2,2,2,222,"Others",251.1,"Low"
18267,308.470833333333,1,269.37,0,2,2,22,"Others",269.37,"Low"
18268,227.176388888889,5,1464.73,0,4,4,44,"At Risk",7323.65,"High"
18269,2.25555555555556,1,168.6,4,2,1,421,"Potential Loyalists",168.6,"Low"
18270,68.3833333333333,1,161.4,2,2,1,221,"Others",161.4,"Low"
18271,245.440972222222,2,680.85,0,3,3,33,"At Risk",1361.7,"Medium"
18272,184.225,3,1307.4,0,4,4,44,"At Risk",3922.2,"Medium"
18273,226.317361111111,1,153,0,2,1,21,"Others",153,"Low"
18275,214.177083333333,2,741.85,0,3,3,33,"At Risk",1483.7,"Medium"
18276,28.4097222222222,5,1320.66,3,4,4,344,"Loyal Customers",6603.3,"High"
18277,33.1729166666667,4,1069.67,3,4,4,344,"Loyal Customers",4278.68,"Medium"
18278,40.325,1,240.3,2,2,1,221,"Others",240.3,"Low"
18279,155.217361111111,1,231.34,1,2,1,121,"Others",231.34,"Low"
18280,30.1736111111111,1,307.55,3,2,2,322,"Others",307.55,"Low"
18281,213.383333333333,1,120.32,0,2,1,21,"Others",120.32,"Low"
18283,18.1881944444444,6,619.37,3,5,3,353,"Loyal Customers",3716.22,"Medium"
18284,67.3527777777778,1,461.68,2,2,2,222,"Others",461.68,"Low"
18285,296.400694444444,1,427,0,2,2,22,"Others",427,"Low"
18286,112.336111111111,2,1296.43,1,3,4,134,"At Risk",2592.86,"Medium"
18287,18.3402777777778,4,2345.71,3,4,5,345,"Loyal Customers",9382.84,"High"
